name,mass,radius,right_ascension,declination,distance
TOI-1685 b,0.01189,0.152,68.59583333333333,43.036944444444444,37.609
WASP-71 b,2.242,1.46,29.26335,0.7588552222222222,200.0
LTT 3780 b,0.00824,0.119,154.64640416666668,-10.28326625,21.98
LTT 3780 c,0.02706,0.205,154.64640416666668,-10.28326625,21.98
WASP-177 b,0.508,1.58,334.79723625,-0.16581136111111108,177.7
NGTS-18 b,0.409,1.21,180.54583333333332,-34.45138888888889,1108.0
WASP-170 b,1.6,1.096,135.41634875,-19.27962652777778,308.27
WASP-192 b,2.3,1.23,223.65871458333334,-37.25545975,495.0
HAT-P-31 b,2.171,1.07,271.5377079166667,26.426663805555556,354.0
WASP-67 b,0.42,1.4,295.74384041666667,-18.05041027777778,225.0
HIP 116454 b,0.037182,0.23056,353.9553541666666,0.44551186111111113,55.2
K2-36 b,0.01227,0.128,169.44909833333332,3.866391027777778,110.09
K2-36 c,0.02454,0.285,169.44909833333332,3.866391027777778,110.09
K2-367 b,0.0202,0.215,337.8583333333333,-12.735555555555555,176.965
Kepler-1766 b,0.0183,0.203,294.27916666666664,46.67527777777777,501.229
HATS-10 b,0.526,0.969,294.3068133333333,-21.795523361111112,496.0
HD 89839 b,5.01,1.15,155.17083333333332,-52.336111111111116,57.3063
HAT-P-49 b,1.73,1.413,305.44137375,26.69266772222222,322.0
WASP-131 b,0.27,1.22,210.19351958333334,-29.416434000000002,250.0
LP 714-47 b,0.09691,0.419,64.19000208333334,-11.915985,52.7
TOI-2338 b,5.98,1.0,81.34583333333335,-33.33166666666667,313.996
KOI-830 b,1.27,1.08,290.5817354166667,40.577378861111114,720.0
K2-353 b,0.0829,0.495,201.61666666666667,-1.7180555555555557,268.515
K2-341 b,0.0327,0.286,130.49583333333334,19.916666666666664,421.408
WASP-118 b,0.514,1.44,19.550575416666668,2.7028475555555556,250.0
NGTS-12 b,0.208,1.048,176.25,-34.35944444444444,452.0
KELT-10 b,0.679,1.399,284.5483729166666,-46.99675991666667,183.0
HAT-P-55 b,0.582,1.182,264.27347416666663,25.731181749999998,480.0
WASP-23 b,0.884,0.962,101.12755583333335,-41.238148333333335,208.7378
WASP-80 b,0.554,0.952,303.16737125000003,-1.85578025,60.0
TOI-178 b,0.00472,0.10278,7.3012625,-29.54625975,63.0
TOI-178 c,0.01501,0.1489,7.3012625,-29.54625975,63.0
TOI-178 d,0.00947,0.22946,7.3012625,-29.54625975,63.0
TOI-178 e,0.01214,0.1969,7.3012625,-29.54625975,63.0
TOI-178 f,0.02429,0.20403,7.3012625,-29.54625975,63.0
TOI-178 g,0.0124,0.256,7.3012625,-29.54625975,63.0
WASP-150 b,8.46,1.07,264.26305,53.02124494444444,536.14
WASP-163 b,1.87,1.202,256.53755458333336,-9.587015944444444,263.29
Kepler-1953 b,0.00692,0.115,287.96666666666664,46.470555555555556,605.631
Kepler-131 b,0.05074,0.219624,288.53085583333336,40.94231272222222,226.3
Kepler-131 c,0.025952,0.076549,288.53085583333336,40.94231272222222,226.3
Qatar-7 b,1.88,1.7,358.51666666666665,37.02194444444444,725.0
Kepler-1868 b,0.0317,0.281,293.3,43.55583333333333,274.18
K2-261 b,0.223,0.85,163.03241375,0.49335711111111114,214.58
HATS-65 b,0.821,1.501,292.9397991666666,-25.25979863888889,500.0
KMT-2021-BLG-1554L b,0.12,0.616,267.80416666666673,-30.135555555555555,7680.0
HR 8799 b,5.0,0.7,346.86964612500003,21.13425147222222,39.4
HR 8799 c,7.0,1.0,346.86964612500003,21.13425147222222,39.4
HR 8799 d,7.0,1.1,346.86964612500003,21.13425147222222,39.4
HR 8799 e,7.0,1.0,346.86964612500003,21.13425147222222,39.4
TOI-1260 b,0.02709,0.20832,157.14583333333334,65.85416666666666,73.41
TOI-1260 c,0.03725,0.2516,157.14583333333334,65.85416666666666,73.41
2MASS J0219-3925 B,13.9,1.44,34.84208333333333,-38.577083333333334,39.4
GJ 1148 c,0.21414,0.866,175.43598333333333,42.75197355555556,11.0143
GJ 1148 b,0.30425,1.07,175.43598333333333,42.75197355555556,11.0143
K2-334 b,0.0854,0.504,136.4875,16.325555555555557,371.823
Kepler-1986 b,0.0133,0.263,292.9583333333333,42.855000000000004,912.085
KELT-17 b,1.31,1.525,125.61751958333335,13.735317916666666,210.0
WASP-102 b,0.624,1.259,336.46436250000005,15.85674188888889,543.685
Kepler-1950 b,0.00927,0.136,287.0875,42.66861111111111,697.253
NGTS-4 b,0.0647988248135461,0.283702746,89.59897875,-29.188232527777778,282.6
Kepler-12 b,0.43,1.75,286.243425,50.04035316666666,600.0
HATS-21 b,0.332,1.123,280.18439166666667,-57.45916666666667,286.0
Kepler-1773 b,0.038,0.313,286.225,38.25805555555556,681.255
HATS-16 b,3.27,1.3,358.5587425,-29.986970444444445,774.0
TOI-1468 c,0.02089,0.184,16.65416666666667,19.224999999999998,24.7399
TOI-1468 b,0.0101,0.114,16.65416666666667,19.224999999999998,24.7399
WASP-88 b,0.56,1.7,309.5111954166667,-47.537937388888885,531.604
K2-237 b,1.236,1.642,253.76888958333336,-27.28944036111111,309.5
Kepler-1844 b,0.0298,0.271,292.69166666666666,37.93444444444444,1804.36
EPIC 249893012 b,0.02753,0.174,228.24817416666664,-15.275500277777777,324.22
EPIC 249893012 c,0.04616,0.327,228.24817416666664,-15.275500277777777,324.22
EPIC 249893012 d,0.03203,0.352,228.24817416666664,-15.275500277777777,324.22
TOI-2498 b,0.10893,0.541,95.41666666666666,11.251666666666667,275.265
Kepler-1714 b,0.0337,0.291,293.71666666666664,46.22666666666667,409.46
HAT-P-37 b,1.169,1.178,284.2960675,51.26912486111111,411.0
CoRoT-25 b,0.27,1.08,280.6296666666667,6.513818416666667,1000.0
HD 149806 b,12.2018,1.1,249.28750000000002,0.25472222222222224,20.2727
WASP-87 b,2.18,1.385,185.32469749999998,-51.15916683333333,299.0
WASP-73 b,1.88,1.16,319.94961041666664,-57.85111305555556,319.57
WASP-54 b,0.636,1.653,205.45429208333334,0.12806491666666667,200.0
TOI-858 B b,1.1,1.255,60.2,-53.40722222222222,250.489
WASP-69 b,0.26,1.057,315.0258204166667,-4.905545277777778,50.0
HATS-74A b,1.46,1.032,171.01666666666668,-18.442777777777778,286.6
WASP-175 b,0.99,1.208,166.31892583333334,-33.87722875,584.0
HD 18143 b,0.03307,0.288,43.912499999999994,26.8725,22.5243
HD 18143 c,9.80228,1.11,43.912499999999994,26.8725,22.5243
Kepler-1818 b,0.0113,0.153,284.32916666666665,40.56888888888889,1034.59
WASP-104 b,1.272,1.137,160.6025083333333,7.435081833333333,143.0
TOI-172 b,5.42,0.965,316.6333333333334,-25.307222222222222,336.47
K2-285 b,0.03046,0.231,349.3842808333333,1.3002980277777778,155.65
K2-285 c,0.04933,0.315,349.3842808333333,1.3002980277777778,155.65
K2-285 d,0.02045,0.221,349.3842808333333,1.3002980277777778,155.65
K2-285 e,0.03367,0.174,349.3842808333333,1.3002980277777778,155.65
TOI-4603 b,12.89,1.042,83.86666666666667,21.29416666666667,225.643
WASP-77 A b,1.76,1.21,37.15416666666667,-6.939444444444445,93.0
HATS-19 b,0.427,1.66,147.4067433333333,-32.21861111111111,780.0
2MASS J2117-2940,7.0,1.38,319.30962500000004,-28.332383333333333,16.9
CoRoT-24 c,0.088,0.44,101.92254833333334,-2.280698972222222,600.0
WASP-65 b,1.55,1.112,133.3242858333333,8.523003111111112,310.0
HAT-P-58 b,0.372,1.332,68.84659500000001,56.868217972222226,515.59
Kepler-1992 b,0.00218,0.092,295.0916666666667,45.08111111111111,532.955
K2-355 b,0.0179,0.201,124.64166666666668,13.502777777777778,500.497
TOI-2641 b,0.386,1.615,171.1291666666667,-41.26777777777777,344.045
TrES-5 b,1.778,1.209,305.22186791666667,59.44877066666666,360.0
TOI-1478 b,0.847,1.06,126.43333333333332,-12.440277777777776,153.0
HAT-P-68 b,0.724,1.072,118.73333333333333,23.938333333333333,202.0
TOI-2587 A b,0.218,1.077,115.93333333333334,-0.9266666666666666,373.675
HAT-P-8 b,1.275,1.321,343.04166666666663,35.447222222222216,230.0
CoRoT-8 b,0.22,0.57,291.5885108333333,1.426438361111111,380.0
WASP-79 b,0.9,1.7,66.37090333333335,-29.399552527777775,240.0
K2-378 b,0.0272,0.257,205.15833333333333,-10.882777777777777,687.973
KOI-206 b,2.82,1.45,297.5936345833333,40.97726502777778,1870.0
K2-60 b,0.426,0.683,338.60619333333335,-12.731666666666666,498.7
OGLE2-TR-L9 b,4.34,1.614,166.97991958333333,-60.85373969444444,900.0
CoRoT-35 b,1.1,1.68,289.3125,-1.225277777777778,1140.0
TOI-837 b,1.2,0.77,157.03746041666668,-63.49474063888889,143.08
2MASS J0718-6415,3.0,1.29,109.53629166666667,-63.74136388888889,9.34
HD 155918 b,0.0236,0.236,260.5375,-74.65083333333334,27.561
HD 155918 c,5.8203,1.14,260.5375,-74.65083333333334,27.561
TOI-2084 b,0.021,0.22,259.2541666666667,72.74694444444445,114.549
K2-412 b,0.0161,0.189,76.2625,21.580277777777777,654.085
K2-292 b,0.07709,0.235,205.37626375,-8.053922472222222,114.29
TOI-1422 b,0.028,0.3533,354.2408333333334,39.639275,154.56
HD 106315 b,0.03964,0.218,183.47248541666667,0.39348730555555556,109.0
HD 106315 c,0.04782,0.388,183.47248541666667,0.39348730555555556,109.0
OGLE-2019-BLG-1053L b,0.0078,0.123,270.1666666666667,-26.658333333333335,6800.0
HAT-P-24 b,0.685,1.242,108.825,14.262222222222222,396.0
TOI-1853 b,0.23031,0.309,211.45833333333334,16.9925,165.105
LHS 1140 b,0.02007,0.146,11.25,-14.725833333333332,14.9861
LHS 1140 c,0.00554,0.104,11.25,-14.725833333333332,14.9861
TOI-2459 b,0.0284,0.263,82.14166666666667,-38.62694444444445,36.6113
HATS-54 b,0.76,1.067,200.634885,-43.31119477777778,764.4
HATS-22 b,2.74,0.953,174.00974583333334,-28.45667847222222,207.9
K2-344 b,0.00993,0.142,136.3625,21.66861111111111,75.1691
TOI-3976 A b,0.175,1.095,224.35416666666666,44.27444444444444,516.087
Kepler-1656 b,0.15291,0.448,284.47218625,39.911813527777774,186.88
K2-409 b,0.0211,0.221,228.45416666666665,-15.648611111111112,431.031
WASP-160 B b,0.278,1.09,87.67942958333333,-26.37682813888889,284.0
TOI-3082 b,0.0409,0.327,195.90833333333333,-18.781111111111112,113.048
TOI-444 b,0.0255,0.247,64.18333333333334,-25.23361111111111,57.3973
Kepler-1658 b,5.88,1.07,294.35655583333335,38.9473655,806.07
Kepler-1661 b,0.05349,0.345,285.16713875000005,41.967052055555556,415.52
AF Lep b,3.2,1.17,81.77083333333334,-10.098888888888888,26.8564
HATS-41 b,9.7,1.33,103.51735625,-26.949604916666665,800.0
KELT-6 b,0.442,1.18,195.9818616666667,30.640077694444443,222.0
Kepler-1067 b,0.00137,0.071,285.3875,45.04888888888889,667.693
Kepler-1067 c,0.0116,0.156,285.3875,45.04888888888889,667.693
HAT-P-28 b,0.626,1.212,13.000782083333334,34.728389722222225,395.0
Kepler-59 b,0.003828,0.100243,287.0394954166667,46.6401225,811.89
Kepler-59 c,0.012848,0.180438,287.0394954166667,46.6401225,811.89
WASP-11 b,0.46,1.045,47.37083333333333,30.67361111111111,125.1
Kepler-82 b,0.03823,0.363,292.8733683333333,42.96612980555556,927.97
Kepler-82 c,0.04373,0.476,292.8733683333333,42.96612980555556,927.97
TOI-1298 b,0.356,0.841,241.32499999999996,70.18972222222223,319.0
TOI-2081 b,0.016,0.182,264.3041666666667,53.025555555555556,62.31
Kepler-1887 b,0.0279,0.261,288.95416666666665,44.70583333333334,1366.18
WASP-64 b,1.271,1.271,101.11502166666666,-31.141617027777777,350.0
HD 136118 b,13.1353,1.1,229.72916666666669,-0.40777777777777774,51.4359
Kepler-1999 b,0.0341,0.317,282.3708333333333,48.259166666666665,701.255
HATS-46 b,0.173,0.903,6.702473333333334,-55.31611111111111,448.0
Kepler-1774 b,0.0322,0.284,288.575,40.98861111111111,816.592
TOI-3785 b,0.04704,0.459,130.9,63.07805555555556,79.7634
TOI-1601 b,0.99,1.239,38.3625,41.013333333333335,336.0
K2-332 b,0.0172,0.196,135.88333333333333,14.250555555555556,123.202
TOI-733 b,0.018,0.178,159.40833333333333,-39.111666666666665,75.2092
GJ 514 b,0.01636,0.19,202.50416666666666,10.3725,7.61778
K2-401 b,0.0181,0.202,154.98749999999998,3.9547222222222222,200.727
HD 190228 b,5.03,1.15,300.7541666666667,28.30666666666667,62.7146
HN Lib b,0.01718,0.196,218.56666666666666,-11.483055555555556,6.24442
WASP-6 b,0.503,1.224,348.1572366666667,-21.326034055555553,307.0
TOI-561 b,0.005,0.127,148.18333333333334,6.216111111111111,85.8
TOI-561 c,0.01699,0.257,148.18333333333334,6.216111111111111,85.8
TOI-561 d,0.0376,0.226,148.18333333333334,6.216111111111111,85.8
TOI-561 e,0.05034,0.238,148.18333333333334,6.216111111111111,85.8
TOI-561 f,0.00944,0.207,148.18333333333334,6.216111111111111,85.8
HAT-P-18 b,0.196,0.947,256.34644791666665,33.012483083333336,166.0
TOI-2000 b,0.0347,0.241,146.39583333333334,-65.31333333333333,175.713
TOI-2000 c,0.257,0.727,146.39583333333334,-65.31333333333333,175.713
Kepler-34 (AB) b,0.22,0.764,296.4375,44.641666666666666,1500.0
Kepler-1952 b,0.0065,0.111,288.075,43.95861111111111,852.062
Kepler-1883 b,0.0334,0.29,291.9208333333333,42.0025,1377.61
TrES-1 b,0.761,1.099,286.0410483333333,36.632623861111114,157.0
KOI-195 b,0.34,1.09,289.4346654166667,49.473418083333335,880.0
Kepler-1885 b,0.0091,0.135,288.75,47.490833333333335,818.482
Kepler-1799 b,0.0501,0.368,288.3083333333333,51.47833333333333,2254.69
OGLE-TR-56 b,1.3,1.2,269.14792291666663,-28.460700916666664,1500.0
NGTS-14 A b,0.092,0.44,328.51666666666665,-37.6225,325.1
K2-346 b,0.018,0.202,125.98749999999998,22.66333333333333,105.58
WASP-172 b,0.47,1.57,199.43384291666666,-46.76242305555555,562.0
WTS-2 b,1.12,1.363,293.7327779166667,36.81551308333333,1030.7
WASP-108 b,0.892,1.284,195.8279925,-48.360324472222224,220.0
HATS-17 b,1.338,0.777,192.18977208333334,-46.386308944444444,339.0
TOI-564 b,1.463,1.02,130.29516458333333,-15.963720027777779,197.4
HATS-8 b,0.138,0.873,294.94171958333334,-24.251664138888888,829.0
HAT-P-30 b,0.711,1.34,123.95,5.836666666666666,193.0
TOI-4010 d,0.12003,0.551,20.216666666666665,66.07222222222222,177.504
TOI-4010 b,0.03461,0.269,20.216666666666665,66.07222222222222,177.504
TOI-4010 e,2.17728,1.19,20.216666666666665,66.07222222222222,177.504
TOI-4010 c,0.0639,0.529,20.216666666666665,66.07222222222222,177.504
KMT-2019-BLG-1552L b,4.05,1.16,269.5958333333333,-26.433055555555555,4600.0
Kepler-1869 b,0.00458,0.1,292.6166666666667,42.76444444444444,113.025
HD 221416 b,0.19,0.836,353.03363500000006,-20.198578666666666,95.08
TOI-2406 b,0.0286,0.2623,8.804166666666667,-2.6294444444444443,55.6
Kepler-305 b,0.033,0.321,299.225,40.343333333333334,889.64
Kepler-305 c,0.019,0.294,299.225,40.343333333333334,889.64
K2-382 b,0.0156,0.185,287.41249999999997,-18.373055555555556,278.412
HD 209458 b,0.714,1.38,330.7948870833333,18.884318944444445,47.0
Kepler-538 b,0.03335,0.198,297.4868779166667,49.62343216666667,156.66
TOI-2193 b,0.94,1.77,313.69166666666666,-71.19527777777778,345.3
K2-146 c,0.02358,0.195,130.02676749999998,19.092897083333334,79.31
K2-146 b,0.01816,0.183,130.02676749999998,19.092897083333334,79.31
HAT-P-48 b,0.168,1.131,44.47089916666667,30.62564822222222,321.9
MOA-2020-BLG-135L b,0.03555,0.301,268.425,-28.1925,7900.0
GJ 9827 b,0.01545,0.141,351.77015666666665,-0.7137262222222223,29.69
GJ 9827 c,0.00264,0.111,351.77015666666665,-0.7137262222222223,29.69
GJ 9827 d,0.01271,0.18,351.77015666666665,-0.7137262222222223,29.69
KMT-2022-BLG-0371L b,0.26,0.971,265.3625,-33.301388888888894,7140.0
KOI-428 b,2.2,1.17,296.8136979166667,47.526573666666664,2468.5
KMT-2022-BLG-1013L b,0.31,1.08,264.7083333333333,-27.644444444444442,7710.0
GJ 9714 b,9.60029,1.11,315.4125,-31.475,20.5121
Kepler-102 e,0.028091,0.202309,281.48273374999997,47.20801208333334,119.3
Kepler-102 d,0.011954,0.107534,281.48273374999997,47.20801208333334,119.3
WASP-34 b,0.59,1.22,165.39957041666668,-22.13933761111111,112.7
TRAPPIST-1 b,0.0032,0.10001,346.6223683553692,-4.958602308209723,12.43
TRAPPIST-1 c,0.003637,0.09769,346.6223683553692,-4.958602308209723,12.43
TRAPPIST-1 d,0.000934,0.06994,346.6223683553692,-4.958602308209723,12.43
TRAPPIST-1 e,0.002429,0.08118,346.6223683553692,-4.958602308209723,12.43
TRAPPIST-1 f,0.002939,0.09332,346.6223683553692,-4.958602308209723,12.43
TRAPPIST-1 g,0.003612,0.10242,346.6223683553692,-4.958602308209723,12.43
TRAPPIST-1 h,0.001041,0.06896,346.6223683553692,-4.958602308209723,12.43
OGLE-2019-BLG-0468L b,3.43,1.17,266.40416666666664,-23.552777777777777,4400.0
OGLE-2019-BLG-0468L c,10.22,1.11,266.40416666666664,-23.552777777777777,4400.0
TrES-2,1.253,1.169,286.80833333333334,49.31638888888889,213.0
WASP-35 b,0.72,1.32,76.08180166666666,-5.770173305555556,216.5
NGTS-21 b,2.36,1.33,311.2583333333333,-34.57222222222222,592.891
HAT-P-42 b,0.975,1.277,135.34437083333333,6.097226527777777,447.0
OGLE-2019-BLG-0679L b,3.34,1.17,265.7416666666667,-26.227222222222224,5630.0
TOI-2589 b,3.5,1.08,107.4875,-36.76916666666666,200.273
EPIC 201427007 b,0.00899,0.134,184.60416666666669,0.5513888888888889,706.391
K2-377 b,0.011,0.151,202.89583333333334,-11.905,195.149
KOI-680 b,0.84,1.99,292.28728750000005,43.19726672222222,2070.0
KELT-19 A b,4.07,1.91,111.5095375,7.6157861111111105,278.0
Kepler-1951 b,0.0189,0.207,290.5,40.28777777777778,1277.32
TOI-776 b,0.01259,0.165,178.57500000000002,-36.44722222222222,27.19
TOI-776 c,0.01668,0.18,178.57500000000002,-36.44722222222222,27.19
Kepler-1488 b,0.013,0.166,286.64583333333337,49.937777777777775,905.825
Kepler-1488 c,0.0106,0.147,286.64583333333337,49.937777777777775,905.825
Kepler-595 b,0.05475,0.331,294.5708333333333,50.67305555555555,639.0
Kepler-595 c,0.01038,0.09,294.5708333333333,50.67305555555555,639.0
CoRoT-2 b,3.31,1.465,291.77706,1.3837104166666667,300.0
Kepler-1073 c,0.0105,0.146,294.1541666666667,38.23305555555556,809.897
Kepler-1073 b,0.0186,0.205,294.1541666666667,38.23305555555556,809.897
Kepler-1073 d,0.00887,0.133,294.1541666666667,38.23305555555556,809.897
Kepler-106 c,0.032841,0.227826,300.86395791666666,44.337553,453.9
Kepler-106 e,0.035137,0.233294,300.86395791666666,44.337553,453.9
TOI-674 b,0.0739,0.4693,164.5875,-35.14194444444444,46.16
K2-388 b,0.0409,0.327,352.71250000000003,-10.922777777777778,290.495
WASP-124 b,0.6,1.24,332.7143408333334,-29.250343666666666,433.0
HATS-47 b,0.369,1.117,287.48437624999997,-48.335036555555554,301.7
MASCARA-4 b,3.1,1.53,147.58000208333334,-65.88614097222222,171.54
K2-291 b,0.02042,0.142,76.4457975,21.548617,90.29
Kepler-68 b,0.026,0.206,291.0323516666666,49.04026583333333,135.0
Kepler-68 c,0.015,0.085,291.0323516666666,49.04026583333333,135.0
KMT-2021-BLG-1253L b,0.05994,0.409,267.6166666666667,-28.720833333333335,6640.0
KELT-12 b,0.95,1.79,267.64049124999997,36.570223250000005,360.0
Kepler-1820 b,0.0312,0.278,296.7125,48.27222222222222,1425.39
K2-379 b,0.017,0.195,283.03333333333336,-26.819166666666664,182.207
Kepler-45 b,0.505,0.96,292.8729025,41.064265638888884,333.0
WASP-16 b,0.855,1.008,214.68301083333333,-19.72448827777778,195.2
WASP-90 b,0.63,1.63,315.5319879166667,7.056254777777777,340.0
KMT-2018-BLG-1025L b,0.01906,0.208,269.8666666666667,-26.121944444444445,6705.0
K2-108 b,0.187,0.471,123.38187916666668,16.419613805555556,262.4
TOI-913 b,0.0207,0.219,234.57083333333333,-79.19666666666667,65.1769
K2-414 b,0.00622,0.109,351.6375,-3.393333333333333,260.036
K2-414 c,0.0138,0.172,351.6375,-3.393333333333333,260.036
HAT-P-54 b,0.76,0.944,99.89799250000002,25.482543611111108,135.8
TOI-969 b,0.02863,0.247,115.1375,2.0986111111111114,77.2554
TOI-969 c,11.3,1.11,115.1375,2.0986111111111114,77.2554
Kepler-1826 b,0.00874,0.132,292.7708333333333,48.89972222222222,336.952
Kepler-1827 b,0.0129,0.166,292.2541666666667,40.79277777777778,686.461
WASP-61 b,2.06,1.24,75.29966125,-25.945842583333334,480.0
K2-30 b,0.624,1.196,52.3419775,22.299409472222223,336.3
Kepler-434 b,2.86,1.13,293.5863929166666,42.76224444444444,1240.0
CoRoTID 223977153 b,0.15,0.57,100.19583333333334,9.2575,586.2
WASP-136 b,1.51,1.38,0.32575,-7.073707305555555,164.0
K2-287 b,0.315,0.847,233.07436125,-21.641732388888887,159.05
HATS-3 b,1.138,1.697,312.4574383333333,-23.571238944444442,556.0
GJ 357 b,0.00579,0.109,144.00682166666667,-20.3392005,9.44
Qatar-8 b,0.371,1.285,157.4125,70.52722222222222,276.7
Kepler-1933 b,0.00553,0.105,283.9958333333334,39.91694444444444,328.007
TOI-2842 b,0.37,1.146,108.04583333333333,-9.360555555555557,460.995
KMT-2019-BLG-1367L b,0.01284,0.165,272.4708333333333,-28.23777777777778,4670.0
2MASS J0642+4101,12.0,1.23,100.52329166666667,41.03333333333333,16.1
Kepler-9 b,0.25,0.84,285.5739766666667,38.400882555555555,650.0
Kepler-9 c,0.17,0.82,285.5739766666667,38.400882555555555,650.0
Kepler-9 d,0.022,0.147,285.5739766666667,38.400882555555555,650.0
Kepler-14 b,8.4,1.136,287.7087920833334,47.33302119444445,980.0
BD+60 1417 b,15.0,1.31,190.88750000000002,69.0144,44.957
Kepler-36 b,0.01346359,0.13778,291.25017916666667,49.231842,436.937
Kepler-36 c,0.02541726,0.33526835,291.25017916666667,49.231842,436.937
KOI-135 b,3.23,1.22,285.24084750000003,46.66824022222222,1950.0
TOI-2570 b,0.82,1.217,87.1875,32.08416666666667,361.857
TOI-1452 b,0.01517,0.149,290.17499999999995,73.19500000000001,30.5212
WASP-3 b,2.06,1.454,278.6333333333333,35.66166666666666,220.0
Kepler-1854 b,0.0227,0.231,286.2875,37.386944444444445,423.348
2M 2206-20 b,30.0,1.3,331.59500833333334,-19.215027777777777,26.67
2M 2140+16 b,20.0,0.92,325.12083333333334,16.421666666666667,25.0
Kepler-307 b,0.023403,0.29162,297.7951045833334,40.417685999999996,705.48
Kepler-307 c,0.011468,0.25516,297.7951045833334,40.417685999999996,705.48
KMT-2022-BLG-0440L b,0.04845,0.361,269.5833333333333,-31.70472222222222,3500.0
KMT-2021-BLG-2478L b,0.9,1.24,269.3083333333333,-28.898055555555555,2970.0
TOI-1052 c,0.10792,0.578,337.5083333333333,-74.35333333333332,129.804
TOI-1052 b,0.05317,0.256,337.5083333333333,-74.35333333333332,129.804
TOI-1442 b,0.005,0.1044,287.29166666666663,74.17222222222223,41.2
CoRoT-6 b,2.96,1.166,281.07253208333333,6.663198277777778,657.2
Kepler-1987 d,0.0238,0.291,295.82499999999993,42.94333333333333,595.683
Kepler-1987 e,0.0137,0.219,295.82499999999993,42.94333333333333,595.683
Kepler-1987 b,0.00642,0.135,295.82499999999993,42.94333333333333,595.683
Kepler-1987 c,0.00733,0.151,295.82499999999993,42.94333333333333,595.683
Kepler-18 b,0.0217,0.179,298.07945333333333,44.74633541666667,438.5
Kepler-18 c,0.054,0.49,298.07945333333333,44.74633541666667,438.5
Kepler-18 d,0.052,0.62,298.07945333333333,44.74633541666667,438.5
HATS-77 b,1.374,1.165,149.825,-26.607222222222223,414.0
HD 185283 b,1.3,1.22,295.325,-55.67777777777778,31.395
WASP-132 b,0.41,0.87,217.60912166666665,-45.159166666666664,120.0
Kepler-1920 b,0.0284,0.264,291.0625,38.86333333333334,885.913
Kepler-1772 b,0.0242,0.24,289.4375,39.27027777777778,871.564
CVSO 30 c,4.7,1.63,81.28148458333334,1.5734303333333333,330.0
OGLE-2018-BLG-1647L b,0.97,1.23,268.96250000000003,-30.183055555555555,7880.0
K2-339 b,0.0137,0.171,130.08333333333334,18.692777777777778,360.36
TOI-2497 b,5.21,1.0,90.0625,11.884166666666665,285.1
HAT-P-3 b,0.591,0.827,206.09414124999998,48.02866838888889,130.0
WASP-29 b,0.244,0.792,357.8795166666667,-38.09326113888889,80.0
KOI-3680.01,2.2,0.95,293.28159666666664,45.309672694444444,946.611
HAT-P-29 b,0.778,1.107,33.13116,51.77876722222222,322.0
TOI-262 b,0.0155,0.185,32.53333333333333,-30.929444444444446,43.932
WASP-105 b,1.8,0.96,24.16813541666667,-49.65888888888889,252.519
KIC 8435766 b,0.005882,0.109356,293.74172458333334,44.44832147222222,124.8
KMT-2018-BLG-1996L b,1.09,1.23,268.6791666666667,-21.17972222222222,5910.0
Kepler-1842 b,0.0193,0.21,286.25,42.37833333333333,923.551
TOI-3235 b,0.665,1.017,207.475,-45.93361111111111,72.811
Kepler-406 b,0.019975,0.130316,291.8480729166667,44.968257,353.6
Kepler-406 c,0.008525,0.077461,291.8480729166667,44.968257,353.6
TOI-3364 b,1.67,1.091,144.5375,-48.66472222222222,277.899
GJ 367 b,0.001718,0.06406,146.12431916666665,-44.223492916666665,9.4152
Kepler-1894 b,0.0059,0.107,295.5875,49.66694444444444,935.191
K2-398 b,0.0182,0.203,161.73333333333335,1.9366666666666668,606.992
K2-398 c,0.0718,0.455,161.73333333333335,1.9366666666666668,606.992
HATS-57 b,3.147,1.139,60.94833541666667,-18.943242583333333,281.7
EPIC 218916923 b,0.381,0.812,289.0665379166667,-16.08933041666667,152.0
HD 219666 b,0.05223,0.42,349.5567908333333,-55.09610116666667,94.43
HAT-P-19 b,0.292,1.109,9.516723333333333,34.71154227777778,215.0
BD+63 1405 b,3.96,1.16,271.39819041666664,63.66893866666666,38.0473
TOI-2445 b,0.006,0.1115,43.31666666666666,0.052500000000000005,48.6
HAT-P-39 b,0.599,1.571,113.7582475,17.83006522222222,642.0
HATS-37 A b,0.099,0.606,199.8,-21.013055555555553,211.1
TOI-4860 b,0.67,0.756,183.56249999999997,-12.825277777777778,80.1423
K2-358 b,0.0241,0.239,133.80833333333334,18.949722222222224,480.307
HD 28109 b,0.058195,0.19618,65.2375,-67.89722222222223,140.087
TOI-1288 c,0.26429,0.98,313.1666666666667,65.60888888888888,114.865
TOI-1288 b,0.13215,0.467,313.1666666666667,65.60888888888888,114.865
TOI-1749 b,0.17934,0.124,282.73749999999995,64.41944444444445,99.5561
TOI-1749 c,0.04405,0.189,282.73749999999995,64.41944444444445,99.5561
TOI-1749 d,0.0472,0.225,282.73749999999995,64.41944444444445,99.5561
HD 12235 b,0.03251,0.285,30.037499999999998,3.0958333333333337,31.7627
HD 12235 c,9.97867,1.11,30.037499999999998,3.0958333333333337,31.7627
Kepler-1932 b,0.00914,0.135,285.3333333333333,41.06388888888888,713.733
WASP-167 b,8.0,1.51,196.04389166666667,-34.54944444444444,381.0
Kepler-1983 b,0.019,0.147,297.04166666666663,39.91222222222222,424.428
LHS 1478 b,0.00733,0.1106,44.32607958333334,76.55312505555555,18.21
Kepler-35 (AB) b,0.127,0.728,294.4958333333334,46.689722222222215,1645.0
WASP-164 b,2.13,1.128,344.87341125,-59.552190055555556,322.0
K2-33 b,3.6,0.451,242.5614075,-18.680720222222224,145.0
HAT-P-63 b,0.614,1.119,279.7958333333333,-19.975833333333334,4483.05
WASP-26 b,1.028,1.281,4.60292,-14.732700694444443,250.0
TOI-5153 b,3.26,1.06,91.54166666666667,-18.046666666666667,390.1
Kepler-1833 b,0.00705,0.116,290.8708333333333,45.41027777777778,591.602
TOI-2364 b,0.225,0.768,89.12916666666666,-4.9880555555555555,219.614
HATS-61 b,3.4,1.195,61.65778125,-24.65029002777778,693.4
TOI-1470 b,0.02303,0.194,10.0875,61.21333333333334,51.9503
TOI-1470 c,0.02278,0.22,10.0875,61.21333333333334,51.9503
TrES-3 b,1.91,1.305,268.02924375,37.54617694444444,400.0
Kepler-1852 b,0.0133,0.168,288.02916666666664,40.344166666666666,772.481
TOI-220 b,0.0428,0.2694,91.79999999999998,-60.003055555555555,89.0
Kepler-1825 b,0.00821,0.127,292.5125,42.651666666666664,430.254
HAT-P-45 b,0.892,1.426,274.3732391666667,-2.61896125,305.0
Kepler-1944 b,0.0253,0.246,296.5125,39.17333333333333,1076.48
Kepler-1980 b,0.0174,0.254,295.1666666666667,38.636944444444445,1709.4
TOI-3884 b,0.05191,0.535,181.57083333333333,12.506944444444445,43.1448
HD 149026 b,0.356,0.718,247.62341,38.34730855555556,78.9
EPIC 246851721 b,3.0,1.051,78.91980708333334,16.278755027777777,336.7
HD 213885 b,0.02778,0.156,338.9846458333333,-58.1355345,47.97
Kepler-1890 b,0.00185,0.077,292.57916666666665,40.66777777777777,529.596
TOI-2421 b,0.333,0.924,33.15416666666667,-34.60916666666667,327.3
EPIC 203771098 b,0.066,0.52,242.57374041666668,-23.009650305555553,181.0
EPIC 203771098 c,0.085,0.723,242.57374041666668,-23.009650305555553,181.0
HAT-P-5 b,1.06,1.252,274.40546958333334,36.62143569444444,340.0
Kepler-1004 b,0.18,0.56,297.35932875000003,49.797525916666665,1191.33
HD 17156 b,3.191,1.095,42.43536083333333,71.75323113888889,78.24
HAT-P-67 b,0.34,2.085,256.6106704166667,44.77696322222222,320.0
K2-394 b,0.011,0.151,71.10833333333333,16.51861111111111,98.0152
K2-375 b,0.0178,0.2,130.5,20.359166666666667,696.1
GJ 411 b,0.00846,0.129,165.83414166666665,35.96988,2.5461299
GJ 411 c,0.0568,0.396,165.83414166666665,35.96988,2.5461299
KOI-3503 b,0.02895,0.106,293.15082250000006,41.72923816666667,887.064
KOI-3503 c,0.0326,0.108,293.15082250000006,41.72923816666667,887.064
BD-210397 b,0.7,1.25,33.30416666666667,-20.80388888888889,23.7324
BD-210397 c,4.8,1.15,33.30416666666667,-20.80388888888889,23.7324
CoRoT-31 b,0.84,1.46,94.82072208333332,-3.577733027777778,2190.0
HAT-P-21 b,4.063,1.024,171.27494083333335,41.027963638888885,254.0
LHS 1815 b,0.02737,0.097,91.08482791666667,-54.68698941666667,29.87
HD 93351 b,0.01113,0.152,161.67916666666667,-0.3113888888888889,56.163
HD 93351 c,13.31055,1.1,161.67916666666667,-0.3113888888888889,56.163
HAT-P-70 b,6.78,1.87,74.55234458333334,9.998000916666665,329.0
TOI-2154 b,0.92,1.453,71.02916666666667,84.36416666666666,296.3
K2-356 b,0.0184,0.204,128.32083333333335,13.661388888888888,355.54
Kepler-1930 b,0.00929,0.136,297.57916666666665,40.02777777777778,275.694
K2-99 b,0.97,1.29,208.77376375,-4.55751425,604.0
Kepler-1748 b,0.0246,0.242,285.96666666666664,45.73916666666667,1083.28
Kepler-1931 b,0.0237,0.237,290.8708333333333,43.33305555555556,620.091
TOI-2018 b,0.02895,0.202,229.8375,29.20777777777778,27.9956
TOI-615 b,0.435,1.693,133.40833333333333,-39.45638888888889,360.408
Kepler-1968 b,0.00899,0.134,291.5083333333333,45.37,750.93
HD 15906 b,0.0178,0.2,38.270833333333336,-9.647777777777778,45.5621
HD 15906 c,0.028,0.261,38.270833333333336,-9.647777777777778,45.5621
TOI-4145 A b,0.43,1.187,39.42916666666667,80.2675,205.387
K2-97 b,1.1,1.31,127.76284250000002,10.84758627777778,901.5
Kepler-1824 b,0.0197,0.212,296.7083333333333,41.203611111111115,1040.1
TOI-2158 b,0.82,0.96,276.8083333333333,20.526944444444442,200.0
TOI-1107 b,3.35,1.3,155.60833333333332,-81.78111111111112,283.61
TOI-2095 c,0.02328,0.119,285.6375,75.41861111111112,41.9176
TOI-2095 b,0.0129,0.112,285.6375,75.41861111111112,41.9176
GJ 486 b,0.00887,0.11643,191.9859370833333,9.75139775,8.0761
2MASS J2206+3301,8.0,1.3,331.605,33.02067777777778,34.4
KELT-3 b,1.462,1.358,148.64328333333333,40.38804969444445,178.0
Kepler-20 b,0.027,0.17,287.6980141666667,42.33869425,290.0
Kepler-20 c,0.051,0.27,287.6980141666667,42.33869425,290.0
Kepler-20 d,0.06,0.25,287.6980141666667,42.33869425,290.0
TrES-4 A b,0.494,1.838,268.3041666666667,37.211666666666666,485.0
TOI-1333 b,2.37,1.396,325.0166666666667,48.40694444444444,200.4
TOI-519 b,14.0,1.07,124.60695000000001,-18.337082944444447,115.557
KOI-1474 b,2.5,0.964,295.4179129166667,51.18476833333333,1041.34
Kepler-1767 b,0.0294,0.269,293.6458333333333,46.98972222222222,820.506
WASP-85 A b,1.265,1.24,175.908375,6.563722222222222,128.0
HATS-70 b,12.9,1.384,109.10453333333334,-30.75559486111111,1307.0
Kepler-1881 b,0.0289,0.266,293.6375,44.9825,1057.21
HATS-76 b,2.629,1.079,70.34166666666667,-31.679444444444446,390.0
HD 151450 b,0.11719,0.607,252.00833333333333,-14.035555555555556,43.6002
HD 151450 c,5.14148,1.15,252.00833333333333,-14.035555555555556,43.6002
WASP-38 b,2.71,1.09,243.95985499999998,10.032579,110.0
Kepler-1853 b,0.00918,0.135,284.74583333333334,46.37361111111111,562.348
Kepler-1846 b,0.0118,0.157,294.39166666666665,44.76305555555555,374.615
Kepler-1991 b,0.00869,0.165,285.0375,45.071111111111115,855.82
Kepler-1991 c,0.0224,0.259,285.0375,45.071111111111115,855.82
Kepler-1841 b,0.00888,0.133,287.70833333333337,40.68527777777778,631.7
WASP-5 b,1.637,1.171,359.34898541666666,-40.722848472222225,297.0
HATS-31 b,0.88,1.64,191.70282666666668,-23.405972222222225,872.0
EPIC 246193072 b,0.26,0.774,351.1333333333333,-4.8358333333333325,230.36
Kepler-1798 b,0.0187,0.206,291.725,37.528888888888886,395.196
CoRoT-17 b,2.45,1.02,278.69925541666663,-5.387746694444445,920.0
K2-232 b,0.398,1.0,73.76651041666666,18.654530666666666,131.21
Kepler-324 b,0.00489,0.102,286.4708333333333,49.649166666666666,501.574
Kepler-324 d,0.00702,0.101,286.4708333333333,49.649166666666666,501.574
Kepler-324 c,0.0317,0.281,286.4708333333333,49.649166666666666,501.574
K2-416 b,5.2,0.237,349.2208333333333,-4.798611111111111,120.311
KMT-2021-BLG-0240L b,0.21,0.856,267.57916666666665,-29.995,6600.0
Kepler-1847 b,0.0251,0.245,296.6,44.32527777777778,1693.86
TOI-4087 b,0.73,1.164,217.925,83.37277777777777,301.676
TOI-3912 b,0.406,1.274,215.8,24.076666666666668,465.992
HATS-68 b,1.29,1.232,15.005889166666668,-57.09524313888889,614.6
Kepler-1923 b,0.0142,0.175,298.08333333333337,40.34638888888889,990.838
SDSS J1110+0116,11.0,1.18,167.54166666666666,1.2702777777777776,19.19
TOI-1680 b,0.00865,0.131,292.3125,65.9738888888889,37.2209
WASP-49 b,0.378,1.115,91.0894725,-15.034692000000001,170.0
WASP-53 b,2.132,1.074,31.909205416666666,-19.33812177777778,202.51
TOI-1411 b,2.5,1.36,232.94583333333333,47.05694444444444,32.5
WASP-20 b,0.313,1.458,5.160567083333333,-22.064223944444443,210.0
2MASS J0030-1450,10.0,1.36,7.625541666666667,-13.157388888888889,26.7
TOI-3540 b,1.18,2.1,328.90833333333336,28.179444444444446,282.4
EPIC 201577035 b,0.085,0.3426,172.12196,1.6906325,271.0
OGLE-TR-10 b,0.68,1.72,267.8677454166667,-28.123546416666667,1500.0
TOI-3984 A b,0.14,0.71,226.3375,36.786944444444444,108.883
HD 110113 b,4.55,0.1829,190.03658583333333,-43.68798122222223,106.3
TOI-1899 b,0.66,1.15,299.425,40.14333333333333,128.4
WASP-130 b,1.23,0.89,203.10598333333334,-41.47527777777778,180.0
HATS-56 b,0.902,1.688,180.165125,-44.20055683333334,573.5
KMT-2019-BLG-0371L b,7.7,1.13,268.3833333333333,-30.445,7010.0
HD 114082 b,8.0,1.0,197.3166666666667,-59.69166666666667,95.3906
WASP-47 b,1.164,1.139,331.2030258333333,-11.98111086111111,200.0
WASP-47 e,0.0384,0.1631,331.2030258333333,-11.98111086111111,200.0
WASP-47 d,0.0328,0.324,331.2030258333333,-11.98111086111111,200.0
Kepler-503 b,79.0,0.96,290.63648830713004,38.707660869179726,1628.0
TOI-3807 b,1.04,1.65,139.1125,69.07416666666666,421.745
TOI-431 b,0.00966,0.1142,83.27083333333333,-25.276111111111113,32.61
TOI-431 d,0.0311,0.2935,83.27083333333333,-25.276111111111113,32.61
HD 94771 b,0.53,1.27,163.975,-34.885555555555555,57.7807
WASP-181 b,0.299,1.184,26.79324833333333,3.1330270833333334,443.0
HATS-63 b,0.96,1.207,67.41855375,-27.802712777777778,634.7
WISE J2216+1952,5.0,1.32,334.11925,19.880027777777777,30.7
Kepler-1312 b,0.0159,0.187,292.9708333333333,41.03583333333333,299.104
Kepler-1312 c,0.00337,0.092,292.9708333333333,41.03583333333333,299.104
HAT-P-15 b,1.946,1.072,66.24806125,39.46064233333334,190.0
Kepler-422 b,0.43,1.15,282.62965541666665,46.32333138888889,651.31
HD 6860 b,28.26,1.06,17.43333333333333,35.620555555555555,61.12469
WASP-28 b,0.907,1.213,353.61617291666664,-0.41996866666666666,410.0
Gliese 3470 b,0.0432,0.346,119.77433125,15.391455555555556,30.7
HD 207496 b,0.01919,0.201,328.71666666666664,-76.66111111111111,23.606
HD 88072 b,7.903,1.12,152.34583333333333,2.371111111111111,35.9098
KMT-2017-BLG-0428L b,0.01759,0.199,271.3833333333333,-27.509722222222223,5400.0
WASP-37 b,1.696,1.136,221.9440075,1.0649450833333334,338.0
TOI-1811 b,0.974,1.0,188.92083333333332,27.214444444444442,128.3
TIC 172900988 (AB) b,2.84,0.9876,128.66250000000002,31.55388888888889,246.263
Kepler-15 b,0.66,0.96,296.20056875,49.14008261111111,755.4
WASP-169 b,0.561,1.304,127.3872875,-11.055248138888889,638.38
K2-374 c,0.0174,0.197,137.3791666666667,16.355833333333333,359.439
K2-374 b,0.00996,0.142,137.3791666666667,16.355833333333333,359.439
HD 202772 A b,1.017,1.545,319.7,-25.383611111111108,147.2
Kepler-1777 b,0.0163,0.19,290.3291666666667,37.723055555555554,619.146
KMT-2017-BLG-0673L b,3.67,1.16,264.75833333333327,-32.191944444444445,5080.0
HD 205158 b,0.38835,1.23,323.9166666666667,-58.30666666666667,86.6159
CoRoT-27 b,10.39,1.007,278.49583041666665,5.538423111111111,1035.2
TIC 237913194 b,1.942,1.117,22.445833333333336,-59.26,308.79
Kepler-1704 b,4.15,1.065,291.19999999999993,51.14416666666666,835.455
LTT 1445 A b,0.00903,0.11643,45.4625,-15.406666666666666,6.9
LTT 1445 A c,0.00485,0.10233,45.4625,-15.406666666666666,6.9
HATS-5 b,0.237,0.912,67.22284625,-20.518038166666667,257.0
HATS-58 A b,1.03,1.095,186.78745,-47.02155833333333,425.5
TOI-421 b,0.02256,0.239,81.85344083333334,-13.723042416666665,74.94
TOI-421 c,0.05166,0.454,81.85344083333334,-13.723042416666665,74.94
KMT-2021-BLG-2010L b,1.07,1.23,268.0083333333333,-31.73027777777778,7090.0
WASP-159 b,0.55,1.38,68.13648333333333,-37.031679305555556,926.0
WD 1856+534 b,13.8,0.928,284.41393166666666,53.50925044444445,24.75
NGTS-23 b,0.613,1.267,70.43333333333334,-39.955555555555556,1074.95
Kepler-1876 b,0.00755,0.076,299.1625,41.14388888888889,259.935
TOI-1416 b,0.01095,0.145,216.92499999999998,41.95305555555556,55.0135
WASP-123 b,0.92,1.327,289.47929833333336,-31.140012527777778,199.053
WASP-103 b,1.49,1.528,249.31489708333334,7.1833663888888895,470.0
K2-399 b,0.0959,0.54,158.07500000000002,2.2377777777777776,515.491
Kepler-616 b,0.0204,0.217,294.98749999999995,46.83833333333334,945.775
Kepler-616 c,0.0363,0.304,294.98749999999995,46.83833333333334,945.775
Kepler-616 d,0.0237,0.237,294.98749999999995,46.83833333333334,945.775
TOI-849 b,0.12299,0.307,28.716666666666665,-28.578333333333333,224.9
HATS-12 b,2.4,1.35,289.20239291666667,-18.64409811111111,981.0
Kepler-454 b,0.02152,0.2114,287.4785275,38.22886716666667,200.0
Kepler-1713 b,0.0113,0.153,287.3458333333333,43.37833333333333,295.293
WASP-112 b,0.88,1.191,339.48932375,-34.84601269444445,450.0
Kepler-1600 b,0.0313,0.279,291.40000000000003,38.78777777777778,1030.81
Kepler-1600 c,0.0139,0.173,291.40000000000003,38.78777777777778,1030.81
Kepler-1886 b,0.0226,0.23,296.2625,39.40611111111111,1059.51
Kepler-289 b,0.023,0.192,297.46530666666666,42.882852666666665,700.0
PH3 c,0.013,0.239,297.46530666666666,42.882852666666665,700.0
Kepler-289 c,0.415,1.034,297.46530666666666,42.882852666666665,700.0
Qatar-1 b,1.33,1.164,303.3833333333333,65.16194444444444,186.6
K2-343 c,0.0149,0.18,134.20416666666665,21.502777777777776,166.169
K2-343 b,0.0106,0.147,134.20416666666665,21.502777777777776,166.169
TOI-672 b,0.0757,0.469,167.99166666666667,-38.67194444444444,66.9071
TOI-5678 b,0.06293,0.438,47.38333333333333,-33.801388888888894,165.393
K2-335 b,0.0174,0.197,129.39166666666668,16.521944444444443,557.993
WASP-122 b,1.372,1.972,108.30147458333334,-41.59024575,251.934
PSO J318.5-22,6.5,1.53,318.53333333333336,22.860000000000003,24.6
HD 86226 c,0.02281,0.193,149.12435041666666,-23.90061230555556,45.57
CoRoT-10 b,2.75,0.97,291.063695,0.7461121944444444,345.0
K2-386 b,0.0189,0.207,18.300000000000004,7.013055555555556,428.785
K2-342 b,0.015,0.181,133.12083333333334,21.238611111111112,208.357
HATS-1 b,1.855,1.302,175.52533541666665,-22.64515886111111,303.0
TOI-4791 b,2.31,1.11,109.38749999999999,-18.171111111111113,328.802
WASP-60 b,0.514,0.86,356.66656125,31.155936666666666,400.0
HD 63935 b,0.034,0.2668,117.92498541666667,9.386053666666665,48.8
HD 63935 c,0.0349,0.259,117.92498541666667,9.386053666666665,48.8
HAT-P-51 b,0.309,1.293,21.06517208333333,32.81077163888889,470.0
WASP-184 b,0.57,1.33,209.51703166666667,-29.65186891666667,640.0
K2-29 b,0.73,1.19,62.67034416666667,24.4017505,179.4
CoRoT-3 b,21.66,1.01,292.05526749999996,0.12183730555555555,680.0
CoRoT-18 b,3.47,1.31,98.17240708333333,0.03159044444444444,870.0
TOI-3714 b,0.7,1.01,69.55416666666666,39.45805555555556,112.5
Kepler-338 b,0.0963,0.22236,282.9789666666667,40.784353555555555,545.29
Kepler-338 e,0.027,0.139,282.9789666666667,40.784353555555555,545.29
HAT-P-14 b,2.2,1.2,260.1166666666667,38.242222222222225,205.0
GJ 1252 b,0.00658,0.106,306.92533875,-55.54301205555555,20.38
Kepler-6 b,0.67,1.3,296.83724125000003,48.23993319444445,597.122
Kepler-80 b,0.0218,0.2372,296.11258333333336,39.978776027777776,357.0
Kepler-80 c,0.02121,0.2444,296.11258333333336,39.978776027777776,357.0
Kepler-80 d,0.02124,0.1365,296.11258333333336,39.978776027777776,357.0
Kepler-80 e,0.01299,0.14945,296.11258333333336,39.978776027777776,357.0
TOI-5293 A b,0.54,1.06,355.82916666666665,-1.9549999999999998,162.229
Kepler-1859 b,0.00985,0.141,293.98749999999995,46.71805555555556,1331.25
Kepler-1859 c,0.0107,0.153,293.98749999999995,46.71805555555556,1331.25
HATS-32 b,0.92,1.249,346.07509250000004,-20.728069861111113,839.0
MASCARA-5 b,3.14,1.508,316.20416666666665,55.588055555555556,149.6
WASP-10 b,3.06,1.08,348.99291875,31.462859638888887,90.0
HIP 54597 b,2.4,1.18,167.60833333333332,-28.585833333333333,39.7429
TOI-5238 b,0.0747,0.466,223.35833333333332,68.85944444444443,290.646
HIP 65426 b,9.0,1.5,201.1504091666667,-50.504444444444445,111.4
HD 1397 b,0.415,1.026,4.4464675,-65.64109330555556,79.75
LTT 9779 b,0.09225,0.421,358.66753041666664,-36.37207680555556,80.62
KOI-1783 c,0.0472,0.485,289.34144583333335,46.988231750000004,887.81
KOI-1783 b,0.22339,0.79,289.34144583333335,46.988231750000004,887.81
WASP-99 b,2.78,1.1,39.89768125,-49.99197825,159.388
HATS-28 b,0.672,1.194,284.3996883333333,-48.13861111111111,521.0
Gaia-2 b,0.773,1.327,110.73533333333333,67.25266111111111,207.2
HATS-60 b,0.662,1.153,341.3640179166667,-13.008237333333334,493.3
TOI-677 b,1.236,1.17,144.11952708333334,-49.53672402777777,142.5
LHS 475 b,0.002876,0.0883,292.475,-81.44555555555556,12.48
WASP-1 b,0.854,1.483,5.166666666666667,31.990000000000002,380.0
TOI-4127 b,2.3,1.096,105.40416666666667,72.415,319.632
TOI-1789 b,0.7,1.4,142.74166666666667,26.540000000000003,223.55
WASP-162 b,5.2,1.0,168.29288041666666,-16.34225402777778,313.6
HATS-66 b,5.33,1.411,101.39482208333334,-32.11829725,1544.0
Kepler-1761 b,0.00791,0.124,284.1333333333334,49.1425,221.186
HATS-59 b,0.806,1.126,170.3244375,-21.611819,654.9
WASP-62 b,0.57,1.39,87.13997375,-62.011559222222225,160.0
HD 194490 b,11.26401,1.11,307.0,-50.33555555555556,80.2349
MOA-2022-BLG-249L b,0.0152,0.182,268.8666666666667,-27.69388888888889,2000.0
HATS-38 b,0.074,0.614,154.27083333333331,-24.72361111111111,347.7
HAT-P-41 b,0.8,1.685,297.32266625,4.672439861111111,344.0
Kepler-1927 b,0.0362,0.304,296.35416666666663,41.33555555555556,1091.0
XO-5 b,1.077,1.03,116.71650625000001,39.09457236111111,255.0
K2-372 b,0.0283,0.263,130.8,13.009444444444444,463.88
Qatar-6 b,0.668,1.062,222.20833333333334,22.1525,101.14
Kepler-75 b,10.1,1.05,291.1375770833333,36.57735483333334,1140.0
K2-408 b,0.0109,0.15,227.91666666666666,-16.315833333333334,162.306
Kepler-1712 b,0.0184,0.204,285.0,50.14666666666667,156.264
K2-415 b,0.0236,0.091,137.2,11.862222222222222,21.8182
Kepler-98 b,0.011167,0.181349,285.6616445833334,37.96449977777778,437.2
HD 80883 b,5.5,1.14,139.93333333333334,-58.52194444444444,34.6011
TOI-1759 b,0.0214,0.273,326.85,62.75388888888889,40.12
TOI-3819 b,1.11,1.172,121.86250000000001,29.38861111111111,558.141
HAT-P-64 b,0.58,1.703,68.97436166666667,2.431289833333333,651.897
TOI-3629 b,0.26,0.74,359.7916666666667,39.314166666666665,129.7
WASP-45 b,0.964,0.946,5.237475,-34.00173686111111,212.48
Kepler-1739 b,0.0204,0.217,296.23333333333335,47.678888888888885,783.666
K2-390 b,0.0617,0.416,355.70416666666665,-8.411388888888888,456.122
Kepler-1925 b,0.0292,0.268,289.82916666666665,45.10277777777778,1771.31
CFHTWIR-Oph 98 A b,7.8,1.86,246.9333333333333,-22.018888888888892,137.0
KOI-192 b,0.29,1.23,288.25456625,43.70486730555556,1100.0
EPIC 248847494 b,13.0,1.11,159.38925083333334,11.842743166666667,560.0
WASP-97 b,1.32,1.13,24.604402500000003,-54.22790925,151.731
WASP-166 b,0.101,0.63,144.87535833333334,-19.017533916666668,113.0
HD 2685 b,1.17,1.44,7.3289695833333335,-75.695938,197.98
TOI-2136 b,0.0148,0.196,281.175,36.56305555555555,33.36
GJ 3473 b,0.00585,0.113,120.595345,3.338803388888889,27.39
OGLE-2019-BLG-0249L b,7.12,1.13,265.40416666666664,-33.29833333333333,6370.0
HD 109833 c,0.0227,0.231,189.775,-73.42611111111111,79.5561
HD 109833 b,0.0273,0.258,189.775,-73.42611111111111,79.5561
HAT-P-44 b,0.392,1.28,213.1440475,47.01473486111111,374.0
Kepler-1892 b,0.0127,0.164,299.07916666666665,42.018055555555556,851.595
TOI-4201 b,2.48,1.22,90.475,-12.538611111111113,189.011
HD 207897 b,0.05,0.22348,325.18659333333335,84.33348969444444,28.25
WASP-189 b,1.86,1.38,225.68694958333333,-2.9686150000000002,100.01
Kepler-1998 b,0.00049,0.062,283.4291666666667,47.5925,340.965
XO-2N b,0.597,0.973,117.03116250000001,50.21756944444444,148.0
Kepler-7 b,0.44,1.62,288.58150958333334,41.08982372222223,947.508
WASP-56 b,0.571,1.092,183.36621166666666,23.055674972222224,255.0
TOI-2443 b,0.0255,0.247,40.17916666666667,1.1997222222222221,23.9258
WASP-19 b,1.168,1.386,148.416985,-44.34081780555556,250.0
POTS-1 b,2.31,0.941,203.60891875000002,-65.41885447222222,1200.0
HD 135625 b,2.3,1.19,229.45,-44.0775,56.518
HAT-P-65 b,0.527,1.89,315.9054708333333,11.989393944444444,841.0
TOI-2818 b,0.71,1.363,119.05833333333334,-34.88333333333333,312.674
HATS-75 b,0.491,0.884,60.95,-24.59111111111111,195.3
WASP-117 b,0.2755,1.021,36.775405000000006,-49.71546883333333,158.685
AB Pic b,12.0,1.55,94.80380374999999,-57.94568755555556,45.5
K2-295 b,0.335,0.897,19.609902916666666,6.816878222222222,225.7
WASP-81 b,0.729,1.429,304.207875,3.2940151666666666,410.0
TIC 279401253 b,6.14,1.0,57.65833333333333,-14.973888888888888,285.584
TIC 279401253 c,8.02,1.12,57.65833333333333,-14.973888888888888,285.584
NGTS-6 b,1.339,1.326,75.79542833333333,-29.600633555555557,311.042
NGTS-8 b,0.93,1.09,328.9758254166667,-13.931604,434.28
HATS-51 b,0.768,1.41,102.84750541666665,-28.94137622222222,394.0
WASP-153 b,0.39,1.55,279.26242333333334,40.01868944444444,430.0
TOI-4479 b,0.0261,0.2516,316.0958333333333,24.65361111111111,80.6
Kepler-1311 d,0.212,0.862,289.65000000000003,43.824444444444445,866.331
Kepler-1311 b,0.00651,0.111,289.65000000000003,43.824444444444445,866.331
Kepler-1311 c,0.00624,0.109,289.65000000000003,43.824444444444445,866.331
Kepler-1997 b,0.0183,0.218,297.4791666666667,46.58916666666667,1502.34
HATS-34 b,0.941,1.43,0.7744595833333334,-61.46944444444445,532.0
TOI-4600 b,3.02,0.607,258.44999999999993,64.56611111111111,216.056
TOI-4600 c,9.27,0.841,258.44999999999993,64.56611111111111,216.056
Kepler-1989 b,0.0607,0.425,290.73333333333335,44.09138888888889,1252.13
Kepler-1935 b,0.0214,0.223,296.40416666666664,39.72277777777778,904.702
TOI-1860 b,0.0069,0.1169,226.45833333333334,64.04722222222222,45.9
CoRoT-7 b,0.01283,0.15,100.95416666666668,-0.9369444444444444,159.906
CoRoT-7 c,0.02643,0.253,100.95416666666668,-0.9369444444444444,159.906
CoRoT-7 d,0.05393,0.384,100.95416666666668,-0.9369444444444444,159.906
HAT-P-33 b,0.763,1.827,113.18333333333334,33.835,387.0
CoRoT-5 b,0.467,1.388,101.2772525,0.8152518888888889,400.0
GJ 3929 b,0.00381,0.1026,239.57916666666668,35.406666666666666,15.83
Kepler-968 c,0.011,0.151,285.6041666666667,50.11194444444445,290.324
Kepler-968 b,0.0147,0.178,285.6041666666667,50.11194444444445,290.324
Kepler-968 d,0.03467,0.23,285.6041666666667,50.11194444444445,290.324
PDS 70 c,2.0,2.04,212.04231041666668,-40.60206205555556,113.39
PDS 70 b,3.0,2.72,212.04231041666668,-40.60206205555556,113.39
KOI-12 b,1.1,1.23,297.4537225,41.01100763888889,403.99
HIP 19976 b,0.068,0.441,64.25833333333333,-39.20138888888889,40.2707
CoRoT-13 b,1.308,0.885,102.72113583333334,-4.913558305555556,1310.0
K2-417 b,2.2,0.295,350.14166666666665,-9.963333333333333,94.0424
Kepler-1947 b,0.00317,0.09,296.10416666666663,42.3425,468.771
Kepler-1926 b,0.0188,0.207,291.19999999999993,44.16611111111111,667.405
TOI-892 b,0.95,1.07,86.7375,-10.764722222222224,343.84
HAT-P-20 b,7.246,0.867,111.91645291666667,24.336532833333333,70.0
TOI-1937 A b,2.01,1.247,116.37083333333334,-51.61666666666667,415.135
HAT-P-60 b,0.574,1.631,28.282386250000002,52.053894361111105,233.22
GJ 3222 b,0.03694,0.308,50.895833333333336,-39.92388888888888,18.23817
TOI-157 b,1.18,1.286,73.70000000000002,-75.31944444444444,362.1
KOI-142 b,0.0055264,0.37647,291.14809625,40.66939161111111,385.0
Kepler-99 b,0.019346,0.134873,297.35399125000004,41.30005911111111,221.3
TOI-1695 b,0.0173,0.181,21.920833333333334,72.29666666666667,45.1309
Kepler-1729 b,0.0454,0.347,296.6958333333333,42.626111111111115,576.181
NGTS-25 b,0.639,1.023,307.4166666666667,-38.967777777777776,521.233
Kepler-1993 b,0.0506,0.395,293.7958333333333,45.16083333333333,1031.91
Kepler-1834 b,0.00858,0.13,294.6666666666667,39.78388888888889,500.395
KOI-806.03,0.035546,0.355,285.28364416666665,38.94728294444444,924.9
KOI-806.02,2.013248,1.120903,285.28364416666665,38.94728294444444,924.9
KOI-806.01,0.072666,0.801947,285.28364416666665,38.94728294444444,924.9
HIP 35965 b,8.01555,1.12,111.20416666666668,-50.674166666666665,50.1677
COCONUTS-2 b,6.4,1.12,117.30416666666666,-75.29805555555555,10.89
HD 36384 b,6.6,1.13,84.93333333333334,75.04388888888889,209.309
HATS-44 b,0.56,1.067,84.32676625,-26.9725,463.0
HD 156098 b,0.05394,0.384,259.2666666666667,-31.336944444444445,48.249
HD 156098 c,5.22768,1.14,259.2666666666667,-31.336944444444445,48.249
XO-4 b,1.615,1.615,110.38819041666667,58.268086583333336,293.0
WASP-141 b,2.69,1.21,71.82440041666666,-16.884834833333333,570.0
HAT-P-22 b,2.147,1.08,155.68163500000003,50.12835094444444,82.0
TOI-198 b,0.00839,0.128,2.270833333333333,-26.878333333333334,23.7262
TOI-2545 b,0.0252,0.245,135.54583333333332,-2.5791666666666666,107.118
Kepler-1990 c,0.00284,0.106,299.70416666666665,44.43583333333333,392.739
Kepler-1990 b,0.0338,0.349,299.70416666666665,44.43583333333333,392.739
Kepler-56 b,0.0695,0.581,293.75833875,41.871858805555554,936.944
Kepler-56 c,0.569,0.874,293.75833875,41.871858805555554,936.944
HD 15337 b,0.02363,0.146,36.868242083333335,-26.364793972222223,44.87
HD 15337 c,0.02552,0.213,36.868242083333335,-26.364793972222223,44.87
TOI-2180 b,2.755,1.01,277.94166666666666,56.65083333333333,116.3
KOI-183 b,0.595,1.192,292.85573124999996,46.39117211111111,725.0
HD 80606 b,3.94,0.921,140.6541666666667,50.603611111111114,58.4
HD 75302 b,5.4,1.14,132.3,3.485,30.3288
SWEEPS-11,9.7,1.13,269.7625,-28.801666666666666,8500.0
Kepler-511 b,0.104,0.567,282.9458333333334,47.575,651.999
Kepler-511 c,0.0518,0.376,282.9458333333334,47.575,651.999
HAT-P-35 b,1.054,1.332,123.25074416666666,4.7870603888888885,535.0
HAT-P-40 b,0.615,1.73,335.51286458333334,45.45736552777778,501.0
WASP-106 b,1.925,1.085,166.42973458333336,-4.920571861111111,283.0
KMT-2017-BLG-1003L b,0.01633,0.19,265.4125,-23.62611111111111,7090.0
HATS-24 b,2.26,1.395,268.89069708333335,-60.25267575,510.0
Kepler-57 b,0.015814,0.199575,293.64128916666664,44.65704372222222,570.05
Kepler-57 c,0.007759,0.141252,293.64128916666664,44.65704372222222,570.05
HAT-P-61 b,1.057,0.899,75.48024041666667,50.131270722222226,338.84
WASP-7 b,0.96,1.33,311.04258625000006,-38.77476130555555,140.0
HD 307842 b,0.03043,0.172,159.34166666666667,-62.34444444444445,64.5997
Kepler-1941 b,0.0236,0.236,296.625,49.35388888888889,1494.39
NGTS-11 b,0.37,0.823,23.520833333333332,-13.580833333333334,191.5
Kepler-16 (AB) b,0.333,0.7538,289.075,51.7575,60.0
TOI-201 b,0.42,1.0,87.40172416666665,-53.08929091666667,114.2
KPS-1 b,1.09,1.03,165.16742541666667,64.96398475000001,264.69
K2-387 b,0.133,0.653,19.441666666666666,11.368611111111111,266.318
Kepler-95 b,0.040894,0.311666,284.4824520833333,44.39800472222222,456.3
WASP-180 A b,0.9,1.24,123.39229166666667,-0.017249999999999995,255.8
HD 62549 b,8.72588,1.12,116.08333333333333,-4.945833333333334,49.3305
K2-39 b,0.125,0.73,338.36838958333334,-8.977228583333332,255.0
HAT-P-4 b,0.68,1.27,229.99133541666666,36.22964941666667,310.0
WASP-168 b,0.42,1.5,96.74464208333333,-45.17854822222222,319.0
TOI-139 b,0.0208,0.219,336.4041666666667,-33.09027777777778,42.4061
KELT-7 b,1.28,1.533,78.29553625,33.31816755555556,129.0
HD 97658 b,0.023754977,0.213245,168.63817208333333,25.710386638888888,21.11
HATS-62 b,0.179,1.055,312.4493054166667,-23.69652875,530.8
WASP-39 b,0.28,1.27,217.32672958333333,-2.5554991666666664,230.0
WASP-76 b,0.92,1.83,26.63274,2.7005647500000003,120.0
TOI-1231 b,0.0485,0.3256,156.74583333333334,-51.532222222222224,27.4932
GJ 2030 b,0.015,0.181,50.824999999999996,-6.205,37.0788
GJ 2030 c,12.803,1.1,50.824999999999996,-6.205,37.0788
TOI-1820 b,2.3,1.12,187.6875,27.452222222222222,250.0
WASP-120 b,5.01,1.515,62.61606625000001,-44.101784611111114,385.401
Kepler-1879 b,0.0155,0.184,289.3625,41.53333333333333,627.171
Kepler-1996 b,0.018,0.205,285.25416666666666,46.58222222222223,440.561
Kepler-1996 c,0.0261,0.251,285.25416666666666,46.58222222222223,440.561
HD 18599 b,0.07583,0.232,44.2625,-55.80805555555556,38.5653
TOI-908 b,0.05077,0.284,53.15833333333333,-80.74916666666667,175.748
WASP-70 A b,0.59,1.164,315.475,-12.566666666666666,245.0
HAT-P-17 b,0.534,1.01,324.5363795833333,30.488734861111112,90.0
K2-400 b,0.00525,0.104,154.5125,3.6969444444444446,62.3804
CoRoT-19 b,1.11,1.45,97.03357749999999,0.17070341666666666,800.0
EPIC 212587672 c,0.0189,0.207,205.44583333333333,-9.137500000000001,320.07
EPIC 212587672 b,0.00669,0.112,205.44583333333333,-9.137500000000001,320.07
55 Cancri e,0.0251,0.16728,133.149213867555,28.330821361490557,12.5901
WASP-93 b,1.47,1.597,9.458791666666668,51.28876638888889,250.0
HD 100546 b,17.5,6.0,173.35600166666669,-69.80521130555555,97.0
Kepler-1788 b,0.0197,0.212,291.22499999999997,45.778055555555554,560.445
HATS-26 b,0.65,1.75,144.92687,-27.414417222222223,907.0
WASP-83 b,0.3,1.04,190.15206124999997,-18.715702694444442,300.0
WASP-156 b,0.128,0.51,32.78176499999999,2.41802125,140.0
TOI-2803 A b,0.975,1.616,93.11666666666667,-22.5075,494.818
WASP-111 b,1.83,1.442,328.7676783333333,-21.38741875,210.0
HIP 55507 b,8.25957,1.12,170.52083333333334,46.907777777777774,25.4893
WASP-187 b,0.8,1.64,17.474855416666664,25.681695472222223,375.52
TOI-640 b,0.88,1.771,99.73333333333332,-35.35388888888889,341.9
TOI-3023 b,0.62,1.466,165.3166666666667,-71.64333333333335,389.916
TOI-530 b,0.4,0.83,103.4125,12.881666666666668,147.7
TOI-2260 b,0.011,0.1445,247.66666666666669,49.046388888888885,101.3
Kepler-113 b,0.036805,0.165857,287.99791208333335,50.94435208333333,255.9
HD 135872 b,5.489,1.14,229.42083333333332,-4.797499999999999,82.4251
WASP-55 b,0.57,1.3,203.75814041666666,-16.496520472222223,330.0
Qatar-4 b,5.85,1.552,4.859291666666667,44.02763888888889,332.2
K2-260 b,1.42,1.552,76.86732833333332,16.867720833333333,676.32
HD 156668 c,0.0991,0.55,259.41666666666674,29.228055555555553,24.3323
HD 156668 b,0.013,0.167,259.41666666666674,29.228055555555553,24.3323
HATS-9 b,0.837,1.065,290.8101308333333,-19.83365302777778,622.0
WASP-151 b,0.31,1.13,349.06346541666665,0.30673497222222224,458.91
XO-6 b,1.9,2.07,94.79321208333333,73.82766441666666,86.0
WASP-190 b,1.0,1.15,7.709312500000001,-39.42657802777777,550.76
K2-391 b,0.00772,0.122,356.225,-6.298611111111111,507.94
CoRoT-12 b,0.917,1.44,100.76567958333334,-0.70357125,1150.0
Kepler-60 b,0.0129,0.196,288.96124291666666,42.26501402777778,664.24
Kepler-60 c,0.0151,0.212,288.96124291666666,42.26501402777778,664.24
Kepler-60 d,0.012,0.232382,288.96124291666666,42.26501402777778,664.24
TOI-163 b,1.22,1.489,79.76666666666667,-70.10444444444444,416.5
Kepler-297 c,0.13,0.66,283.20914625,48.77762086111111,684.83
K2-111 b,0.01664,0.162,59.889742500000004,21.298678805555557,201.7
TOI-1296 b,0.298,1.231,256.77083333333337,70.23861111111111,313.7
TOI-169 b,0.791,1.086,16.77916666666667,-74.80111111111111,412.5
HD 11112 b,7.64087,1.13,27.087500000000002,-40.50555555555555,44.3804
WASP-48 b,0.98,1.67,291.16233958333333,55.47314769444445,460.2
EPIC 228754001 b,0.495,1.089,182.1663895833333,-7.252820388888889,620.42
Kepler-1831 b,0.0143,0.176,295.3041666666667,49.58916666666667,1053.49
Gliese 1214 b,0.02571,0.24463,258.82916666666665,4.9638888888888895,13.0
WASP-161 b,2.49,1.143,126.33784833333331,-10.499013611111112,346.46
HATS-72 b,0.1254,0.722,339.02632875,-15.000058833333334,127.66
HATS-43 b,0.261,1.18,80.53819791666666,-29.970833333333335,341.0
Kepler-1315 b,0.0078,0.123,295.8208333333333,46.05305555555555,480.869
Kepler-1315 c,0.0128,0.165,295.8208333333333,46.05305555555555,480.869
TOI-181 b,0.1452,0.634,352.1708333333333,-33.50861111111111,96.2338
Kepler-1955 b,0.00531,0.104,299.5333333333333,40.47777777777778,449.351
Kepler-1845 b,0.0205,0.218,292.90000000000003,38.29694444444444,710.724
Kepler-44 b,1.0,1.09,300.1023566666667,45.76215633333333,1229.1
KMT-2019-BLG-2783L b,1.16,1.22,269.29166666666663,-32.21138888888889,5910.0
K2-350 c,0.025,0.244,204.0375,-13.990833333333333,489.368
K2-350 b,0.0094,0.137,204.0375,-13.990833333333333,489.368
WASP-12 b,1.404,1.736,97.63749999999999,29.672222222222224,250.0
WASP-119 b,1.23,1.4,55.93342208333333,-64.80614877777778,333.0
2MASS J2002-0521,13.0,1.36,300.7112916666667,-4.635394444444445,17.6316
HATS-67 b,1.45,1.685,180.20882583333332,-45.86357647222222,987.1
HAT-P-23 b,2.09,1.368,306.12384791666665,16.76216952777778,393.0
KMT-2021-BLG-1303L b,0.38,1.21,271.8625,-28.718333333333334,6280.0
HD 86065 b,9.053,1.12,148.92499999999998,-17.893055555555556,40.3661
Kepler-1749 b,0.0102,0.144,290.29583333333335,45.56444444444444,268.2
OGLE-2018-BLG-1126L b,0.056,0.393,268.35416666666663,-30.27527777777778,5700.0
HATS-36 b,2.79,1.263,291.4786908333333,-22.797214361111113,977.0
NGTS-5 b,0.229,1.136,221.05821,5.605393638888889,309.5
Kepler-1882 b,0.00886,0.133,290.6625,43.499722222222225,443.371
WASP-186 b,4.22,1.11,18.995211666666666,21.61694613888889,280.71
Kepler-1921 b,0.0274,0.258,300.31666666666666,45.49527777777778,928.989
TOI-905 b,0.667,1.171,227.65902333333332,-16.638333333333332,150.2
K2-66 b,0.06702,0.222,331.526675,-9.28849325,520.43
K2-354 b,0.00961,0.139,129.12916666666666,10.147222222222222,91.722
TOI-2145 b,5.35,1.103,263.75833333333327,40.69499999999999,124.6
Kepler-1977 b,0.0107,0.163,290.6166666666667,37.28916666666667,592.711
KOI-1873.02,0.07046,0.2096,295.80929125,40.00850919444444,1680.75
KOI-1873.01,0.10286,0.4921,295.80929125,40.00850919444444,1680.75
HAT-P-38 b,0.267,0.825,35.383250833333335,32.24613633333333,249.0
TOI-5704 b,0.033,0.288,169.82500000000002,44.98916666666667,89.637
Kepler-48 b,0.015079,0.195019,299.13923374999996,40.94902666666666,313.14
Kepler-48 c,0.033219,0.286149,299.13923374999996,40.94902666666666,313.14
Kepler-48 d,0.024945,0.185906,299.13923374999996,40.94902666666666,313.14
HAT-P-11 b,0.07362,0.389,297.7093644011637,48.08086037899389,37.89
NGTS-17 b,0.764,1.24,72.89999999999999,-33.773888888888884,1047.0
LHS 1678 b,0.00019,0.06209,68.177645,-38.21329241666667,19.89
LHS 1678 c,0.00123,0.08761,68.177645,-38.21329241666667,19.89
HD 127506 b,0.08375,0.498,217.68333333333334,35.45472222222222,22.5279
WASP-91 b,1.34,1.03,357.84521416666666,-69.15277777777779,150.593
HD 95338 b,0.13353,0.347,164.85959874999998,-55.37695911111111,36.97
CoRoT-9 b,0.84,1.05,280.78670874999995,6.204142472222222,460.0
Kepler-1919 b,0.0232,0.234,283.1333333333334,43.95611111111111,1177.53
HD 5278 b,0.0245,0.2186,12.541269583333335,-82.25610172222223,56.12
K2-397 b,0.0202,0.216,79.95,21.259166666666665,199.354
TOI-620 b,0.0485,0.3354,147.175,-11.984444444444444,33.022
WASP-165 b,0.658,1.26,357.58052083333337,-16.92241911111111,583.0
Kepler-89 b,0.0330298,0.1558328,297.33306,41.891112722222225,426.2
Kepler-89 c,0.04907293,0.39368287,297.33306,41.891112722222225,426.2
Kepler-89 d,0.33,1.0,297.33306,41.891112722222225,426.2
Kepler-89 e,0.11009952,0.59781473,297.33306,41.891112722222225,426.2
KMT-2019-BLG-0298L b,1.81,1.2,264.87916666666666,-26.361944444444443,6710.0
Kepler-1878 b,0.0279,0.261,300.73333333333335,44.106944444444444,1494.3
GJ 463 b,3.6,1.16,185.74583333333334,64.0325,18.3554
TOI-132 b,0.07048,0.305,338.40000000000003,-42.56333333333334,164.47
WASP-92 b,0.805,1.461,246.69207791666665,51.041081138888885,530.0
CoRoT-28 b,0.484,0.955,278.6883470833333,5.573719805555555,560.0
K2-368 b,0.00735,0.119,332.6375,-10.833888888888888,206.608
K2-368 c,0.00762,0.121,332.6375,-10.833888888888888,206.608
K2-368 d,0.014,0.174,332.6375,-10.833888888888888,206.608
WASP-57 b,0.672,0.916,223.820095,-1.9423335833333333,455.0
K2-330 b,0.0255,0.247,126.89583333333333,11.667499999999999,160.125
WASP-24 b,1.032,1.104,227.21556916666665,2.3433234444444446,330.0
Kepler-1654 b,0.5,0.819,282.18579208333335,44.43446491666666,577.6
GQ Lup b,21.5,1.8,237.30043958333334,-34.348596138888894,140.0
TOI-5542 b,1.32,1.009,302.8,-60.864444444444445,348.849
Kepler-1762 b,0.0253,0.246,290.4916666666667,39.785555555555554,1663.74
Qatar-2 b,2.487,1.144,207.6541666666667,-5.196111111111112,182.3
Kepler-87 b,1.02,1.2,297.9168708333334,46.965118611111116,781.83
Kepler-87 c,0.020132,0.55954,297.9168708333334,46.965118611111116,781.83
HATS-69 b,0.577,0.945,289.2973504166667,-59.10831711111111,419.5
HATS-49 b,0.353,0.765,6.613261666666667,-55.65568469444444,324.6
KOI-984 b,0.0544,0.384,291.04874291666664,36.83987619444445,229.63
KMT-2017-BLG-1194L b,0.01114,0.152,274.3208333333334,-24.676111111111112,4240.0
KOI-1299 b,4.87,1.12,293.28220833333336,48.285888888888884,870.0
TOI-1669 b,0.573,1.26,45.95833333333333,83.58749999999999,111.276
K2-238 b,0.86,1.3,347.70435625000005,-6.142478361111111,453.0
HD 457 b,26.572,1.07,2.25,-38.26277777777778,55.0375
WASP-142 b,0.84,1.53,140.50639083333334,-22.05383258333333,840.0
KOI-314 b,0.006197,0.109083,290.38153375,43.29296675,114.07
KOI-314 c,0.002013,0.11045,290.38153375,43.29296675,114.07
Kepler-138 b,0.000208,0.04757,290.38153375,43.29296675,114.07
HAT-P-50 b,1.35,1.288,118.06340791666668,12.139399611111111,497.0
Kepler-1789 b,0.0264,0.253,282.8625,41.79666666666667,611.461
Kepler-1940 b,0.00948,0.138,291.20416666666665,45.23833333333334,798.595
TOI-332 b,0.17997,0.285,348.0583333333333,-43.12361111111111,222.852
TOI-2109 b,5.02,1.347,253.1875,16.58,264.0
 Mensae c,0.01517,0.1909,84.29118800108377,-79.53088018132082,18.27
TOI-1710 b,0.089,0.4764,94.27916666666667,76.21083333333334,81.1376
Kepler-1809 b,0.00912,0.135,290.2666666666667,40.54861111111111,409.602
Kepler-1851 b,0.0455,0.348,285.675,45.63972222222222,1589.81
Kepler-105 c,0.014483,0.14672,287.88729750000005,46.27621802777778,488.45
TOI-199 b,0.17,0.81,80.10416666666667,-58.10444444444445,102.27
TOI-199 c,0.28,1.01,80.10416666666667,-58.10444444444445,102.27
Kepler-4 b,0.077,0.357,285.61540875000003,50.13575102777778,550.0
HD 74698 b,0.07,0.457,130.075,-70.12305555555557,52.0648
HD 74698 c,0.4,1.24,130.075,-70.12305555555557,52.0648
Kepler-47 (AB) d,0.05984,0.628,295.29583333333335,46.92027777777778,1189.0
WASP-8 b,2.24,1.038,359.90029625000005,-34.96863333333334,89.3
TOI-4582 b,0.53,0.94,256.85833333333335,68.86555555555555,383.846
TOI-1444 b,0.01218,0.12463,305.475,70.94361111111111,125.0
KOI-423 b,19.1,1.11,296.9603104166667,46.034305305555556,1200.0
HAT-P-66 b,0.783,1.59,150.57269458333332,53.95088941666667,927.0
HAT-P-43 b,0.66,1.283,128.9257279166667,10.206645499999999,543.0
Kepler-100 b,0.0231,0.120292,291.38601375,41.99026225,296.6
HAT-P-6 b,1.057,1.33,354.77420874999996,42.46597316666667,200.0
TOI-2194 b,0.0145,0.177,299.15833333333336,-30.664722222222224,19.5711
Kepler-97 b,0.011041,0.134873,287.326615,48.67343483333333,414.4
K2-396 b,0.00981,0.141,74.69166666666668,17.269166666666667,274.864
K2-396 c,0.0312,0.279,74.69166666666668,17.269166666666667,274.864
EPIC 211391664 b,0.101,0.38,126.48828124999999,11.511134277777778,435.0
HATS-64 b,0.96,1.679,144.28762458333333,-28.199562611111112,1114.0
Kepler-17 b,2.47,1.33,298.3952675,47.81501386111111,800.0
OGLE-2018-BLG-0932L b,0.89,1.24,268.35,-28.978333333333335,6620.0
Kepler-1763 b,0.00499,0.102,294.1125,40.36277777777778,756.486
NGTS-9 b,2.9,1.07,141.92067083333333,-18.652344916666667,619.74
TOI-1062 b,0.032,0.20198,38.12083333333333,-77.97638888888889,82.2
HD 56414 b,0.0418,0.331,107.84166666666667,-67.16666666666667,272.217
K2-345 b,0.016,0.188,132.70833333333334,21.789166666666667,162.408
TOI-836 b,0.01425,0.152,225.07916666666665,-23.545833333333334,27.5024
TOI-836 c,0.0302,0.231,225.07916666666665,-23.545833333333334,27.5024
TOI-778 b,2.8,1.37,199.33333333333334,-14.726388888888888,161.743
Kepler-1716 b,0.0203,0.216,297.27083333333337,43.33305555555556,195.439
Kepler-1891 b,0.00921,0.136,290.0458333333333,44.370555555555555,596.24
Kepler-11 b,0.005977,0.164035,297.115095,41.90913961111111,613.20279
Kepler-11 c,0.009028,0.261544,297.115095,41.90913961111111,613.20279
Kepler-11 d,0.022964,0.283415,297.115095,41.90913961111111,613.20279
Kepler-11 e,0.025166,0.380925,297.115095,41.90913961111111,613.20279
Kepler-11 f,0.006291,0.226003,297.115095,41.90913961111111,613.20279
MASCARA-1 b,3.7,1.5,317.55155125,10.738873527777777,188.7
HD 108202 b,3.0,1.17,186.46249999999998,-0.8891666666666667,38.6846
WASP-66 b,2.32,1.39,158.22496916666665,-33.01015088888889,500.0
HN Peg b,22.0,1.05,326.13054125,14.771939527777779,18.4
Kepler-2001 b,0.00352,0.106,291.65833333333336,50.58388888888889,776.55
Kepler-2001 c,0.0125,0.364,291.65833333333336,50.58388888888889,776.55
HD 89345 b,0.11,0.66,154.6710741666667,10.129029138888889,132.8
Kepler-412 b,0.939,1.325,286.11031499999996,43.68093097222222,1056.0
HATS-42 b,1.88,1.4,108.45239500000001,-32.56266616666667,942.0
Kepler-1893 b,0.0112,0.152,298.40000000000003,44.838055555555556,1050.72
K2-403 b,0.0775,0.476,164.1875,9.673888888888888,246.599
TOI-2025 b,4.4,1.12,282.79583333333335,82.24527777777777,339.0
Kepler-1896 b,0.0308,0.277,289.6791666666667,40.249722222222225,1732.91
K2-413 b,0.00114,0.068,353.4166666666667,-6.388055555555556,285.162
K2-413 c,0.00644,0.11,353.4166666666667,-6.388055555555556,285.162
TOI-2202 b,0.978,1.0,51.228541666666665,-72.04243888888888,235.93
HATS-30 b,0.706,1.175,5.618716666666666,-58.9425,339.0
HATS-48 A b,0.243,0.8,288.67197791666666,-58.42062305555555,265.4
NGTS-1 b,0.812,1.33,82.71438416666666,-35.36919541666666,224.0
TOI-1338 (AB) b,0.10383,0.611,92.13333333333334,-58.45888888888889,403.66
Kepler-1897 b,0.0262,0.251,294.29166666666663,39.12694444444445,983.174
HAT-P-36 b,1.8482,1.277,188.26627541666667,44.9153325,296.93
HATS-25 b,0.613,1.26,207.90776625,-22.218818000000002,466.0
HD 203387 b,3.494,1.17,320.5625,-15.165555555555555,61.7477
HD 203387 c,7.47507,1.13,320.5625,-15.165555555555555,61.7477
Kepler-1946 b,0.0212,0.222,282.3375,42.84527777777778,1002.12
TOI-1064 b,0.0425,0.2308,296.0041666666667,-46.43833333333334,68.81
TOI-1064 c,0.0079,0.23651,296.0041666666667,-46.43833333333334,68.81
K2-392 b,0.0128,0.165,354.65000000000003,-6.521111111111111,406.985
K2-348 b,0.0336,0.291,130.87916666666666,24.423055555555557,201.856
K2-348 c,0.0239,0.238,130.87916666666666,24.423055555555557,201.856
XO-7 b,0.709,1.373,277.47887083333336,85.23321544444444,234.1
KELT-21 b,3.91,1.586,304.80002041666665,32.581045111111116,415.0
Kepler-1856 b,0.0115,0.155,295.9083333333333,51.34777777777778,848.76
HD 20329 b,0.02335,0.153,49.17916666666667,15.65638888888889,63.6796
KELT-23 A b,0.938,1.323,232.14663750000003,66.35876111111111,126.7
TOI-1859 b,0.216,0.87,279.8333333333333,69.52277777777778,224.385
WASP-17 b,0.486,1.991,239.9622870833333,-27.93824738888889,400.0
EPIC 201546283 b,0.09156,0.397,171.5151725,1.2307398611111113,251.0
Kepler-117 c,1.84,1.101,288.7930420833333,48.04021813888889,1430.0
Kepler-117 b,0.094,0.719,288.7930420833333,48.04021813888889,1430.0
TOI-544 b,0.016,0.1811,82.29166666666667,0.34249999999999997,41.1
EPIC 22881391 b,0.7,0.079,186.87077041666666,-5.804769583333333,95.0
K2-338 b,0.0034,0.092,124.3625,17.024166666666666,156.951
Kepler-1909 b,0.00419,0.097,290.8875,42.459722222222226,763.662
Kepler-129 b,0.06293,0.214,285.3125,47.84861111111111,408.845
Kepler-129 d,8.3,1.12,285.3125,47.84861111111111,408.845
Kepler-129 c,0.13529,0.225,285.3125,47.84861111111111,408.845
Kepler-2000 b,0.0249,0.296,285.575,49.96222222222222,320.588
Kepler-2000 c,0.00972,0.196,285.575,49.96222222222222,320.588
K2-370 b,0.0327,0.286,67.82083333333333,19.831666666666667,144.202
KELT-16 b,2.75,1.415,314.2684941666667,31.66100822222222,365.0
TOI-500 c,0.01583,0.187,106.55833333333332,-46.41222222222222,47.3924
TOI-500 b,0.00447,0.104,106.55833333333332,-46.41222222222222,47.3924
TOI-500 d,0.10421,0.567,106.55833333333332,-46.41222222222222,47.3924
TOI-500 e,0.04735,0.356,106.55833333333332,-46.41222222222222,47.3924
K2-411 b,0.00295,0.088,58.00416666666667,19.391111111111112,298.219
HATS-45 b,0.7,1.286,101.99426,-20.910833333333336,818.0
TOI-257 b,0.138,0.639,47.51659291666667,-49.16761663888889,76.9028
TOI-5174 b,0.0779,0.477,174.10833333333332,-1.9766666666666668,197.243
HATS-2 b,1.345,1.168,176.7390425,-21.636994444444444,360.0
GJ 720 A b,0.04292,0.336,278.82662708333334,45.74403791666667,15.5575
HD 213519 b,0.02993,0.272,337.7708333333333,45.14527777777778,41.0014
HD 140901 b,0.04609,0.35,236.87083333333334,-36.08277777777778,15.2528
HD 140901 c,5.30264,1.14,236.87083333333334,-36.08277777777778,15.2528
K2-406 b,0.0603,0.411,230.8875,-24.629444444444445,85.3751
HATS-53 b,0.595,1.34,176.62850458333335,-32.13994344444444,595.8
HD 260655 b,0.00673,0.1106,99.29583333333333,17.564722222222223,9.9976
HD 260655 c,0.00972,0.13677,99.29583333333333,17.564722222222223,9.9976
HATS-15 b,2.17,1.105,311.09192083333335,-18.56246663888889,689.0
TYC 8998-760-1 b,14.0,3.0,201.300525,-63.06091997222222,94.6
TYC 8998-760-1 c,6.0,1.1,201.300525,-63.06091997222222,94.6
Kepler-41 b,0.56,1.04,294.5132275,48.98166666666667,771.43
WASP-95 b,1.13,1.21,337.45723208333334,-47.99693077777778,138.087
WASP-176 b,0.855,1.505,313.6873195833333,9.17909011111111,577.62
K2-349 b,0.0078,0.123,199.1,-13.555277777777778,453.567
WASP-68 b,0.95,1.24,305.0957745833333,-18.685299694444442,227.9
K2-373 b,0.0154,0.184,123.1375,13.688611111111111,229.567
Kepler-1918 b,0.0185,0.205,292.52916666666664,42.214444444444446,1030.11
HAT-P-56 b,2.18,1.466,100.84803958333333,27.252282833333332,310.5
NGTS-2 b,0.74,1.595,215.12287083333334,-30.79793391666667,360.3
WASP-31 b,0.478,1.537,169.43899083333332,-18.945217638888888,400.0
TOI-150 b,2.51,1.255,112.96666666666665,-72.3938888888889,336.0
HD 115404 A b,0.09451,0.535,199.2166666666667,17.016111111111112,10.9816
HD 115404 A c,10.38165,1.11,199.2166666666667,17.016111111111112,10.9816
WASP-171 b,1.084,0.98,171.84510374999996,-43.911306305555556,774.33
NGTS-16 b,0.667,1.3,58.2625,-29.195277777777775,892.0
WASP-100 b,2.03,1.69,68.95970916666667,-63.97296313888889,368.283
HD 108236 b,0.013309,0.144081,186.57454833333333,-50.637162777777775,64.7178
HD 108236 c,0.028003,0.184763,186.57454833333333,-50.637162777777775,64.7178
HD 108236 d,0.024384,0.226515,186.57454833333333,-50.637162777777775,64.7178
HD 108236 e,0.0258,0.275047,186.57454833333333,-50.637162777777775,64.7178
HD 108236 f,0.012428,0.179945,186.57454833333333,-50.637162777777775,64.7178
EPIC 212624936 b,0.00588,0.107,210.63750000000002,-9.976388888888888,561.929
EPIC 212624936 c,0.0186,0.205,210.63750000000002,-9.976388888888888,561.929
Kepler-1819 b,0.0456,0.348,296.5583333333333,46.8575,1363.19
WASP-110 b,0.51,1.238,305.8726820833333,-43.94152505555556,320.0
K2-290 b,0.0343,0.273,234.85775958333335,-19.801175222222223,274.99
K2-290 c,0.774,1.006,234.85775958333335,-19.801175222222223,274.99
TOI-833 b,0.006,0.1133,145.64583333333334,-61.523888888888884,41.7
K2-268 b,0.00899,0.134,133.70833333333334,11.848333333333334,327.783
K2-268 c,0.0242,0.24,133.70833333333334,11.848333333333334,327.783
K2-268 d,0.00889,0.133,133.70833333333334,11.848333333333334,327.783
K2-268 e,0.00733,0.119,133.70833333333334,11.848333333333334,327.783
K2-268 f,0.0176,0.199,133.70833333333334,11.848333333333334,327.783
OGLE-TR-111 b,0.54,1.077,163.32419416666667,-60.59427602777778,1500.0
CoRoT-16 b,0.53,1.17,278.5246616666667,-5.997432027777778,840.0
WASP-58 b,0.89,1.37,274.7010541666667,45.172016416666665,300.0
WASP-148 b,0.291,0.722,254.13058291666667,44.30265263888889,248.11
WASP-182 b,0.148,0.85,311.6731658333333,-40.17911041666666,331.0
TOI-1201 b,0.01976,0.21545,42.24697,-13.462515777777778,37.636
HAT-P-47 b,0.206,1.313,38.30814374999999,30.36049991666667,284.3
HD 28192 b,0.31091,1.08,66.70416666666668,-0.27555555555555555,49.8063
Qatar-9 b,1.19,1.009,160.75,60.96416666666667,211.4
HIP 29442 c,0.01416,0.141,93.05833333333334,-13.350555555555555,68.192
HIP 29442 d,0.01605,0.122,93.05833333333334,-13.350555555555555,68.192
HIP 29442 b,0.0302,0.31,93.05833333333334,-13.350555555555555,68.192
K2-333 b,0.0995,0.551,136.7875,15.205555555555556,343.99
Qatar-5 b,4.32,1.107,7.053958333333333,52.06111111111111,371.4
HAT-P-25 b,0.567,1.19,48.43540875,25.197413277777777,302.9
TOI-216 b,0.09439,0.686,73.97916666666667,-62.74,178.84
TOI-216 c,0.62927,1.007,73.97916666666667,-62.74,178.84
OGLE-2018-BLG-1212L b,0.2,0.832,271.07916666666665,-27.805833333333332,1550.0
BD+55 362 b,0.72,1.25,23.961595833333334,56.69915908333333,52.5697
Kepler-1880 b,0.0161,0.189,287.825,40.696666666666665,611.041
TOI-763 b,0.0308,0.203,194.46666666666667,-38.242222222222225,95.39
TOI-763 c,0.02932,0.235,194.46666666666667,-38.242222222222225,95.39
Kepler-1850 b,0.00098,0.065,287.14166666666665,43.61611111111111,250.199
WASP-2 b,0.931,1.081,307.725,6.429444444444445,165.8
EPIC 229004835 b,0.03272,0.208,186.48749999999998,-0.5952777777777778,121.971
Kepler-1988 b,0.0093,0.138,298.67499999999995,43.79555555555555,513.426
HATS-23 b,1.47,1.86,286.3667008333333,-49.0675,747.0
51 Eri b,2.0,1.0,69.40055141666667,-1.5264514166666665,29.4
WASP-174 b,1.3,1.3,195.79401416666667,-40.61516325,414.7
HD 167768 b,0.85,1.24,274.2208333333333,-2.991388888888889,107.214
KELT-2A b,1.524,1.29,92.66395833333334,30.95713888888889,128.6
TOI-2096 c,0.0136,0.171,151.61666666666665,74.82722222222222,48.4809
TOI-2096 b,0.00653,0.111,151.61666666666665,74.82722222222222,48.4809
Kepler-1995 b,0.0533,0.412,284.34166666666664,46.31666666666666,595.331
WASP-173 A b,3.69,1.2,354.16825,-33.38872222222222,230.0
WASP-41 b,0.94,1.18,190.61872875,-29.360131222222222,180.0
WASP-25 b,0.58,1.26,195.3599,-26.47779977777778,169.0
HAT-P-9 b,0.749,1.393,110.1685675,37.14065077777778,480.0
L 168-9 b,0.01447,0.124,350.03135208333333,-59.93482097222223,25.17
TOI-2567 b,0.2,0.975,288.46666666666664,66.34805555555555,518.4
WASP-63 b,0.38,1.43,94.3364525,-37.67673497222222,330.0
Kepler-1655 b,0.01573,0.197,286.6894341666667,39.21193486111111,214.58
Kepler-462 b,0.16959,0.268,299.8211575,43.81428116666666,598.0
Kepler-462 c,0.01888,0.357,299.8211575,43.81428116666666,598.0
K2-366 b,0.0194,0.21,243.6791666666667,-18.653055555555557,185.947
HAT-P-69 b,3.58,1.676,130.50565041666664,3.710561916666667,343.9
WASP-14 b,7.341,1.281,218.275,21.89472222222222,160.0
HD 168863 b,6.78,1.13,275.6625,-17.978055555555557,39.8979
HIP 81208 C b,14.8,1.09,248.8083333333333,-34.275277777777774,147.533
Kepler-1840 b,0.0256,0.248,298.5958333333333,41.43583333333333,513.107
KOI-372 b,3.25,0.747,299.12244666666663,41.866754972222225,310.01
CoRoT-36 b,0.68,1.41,277.75,7.183611111111111,954.0
Kepler-74 b,0.63,0.96,293.09253625,41.35552988888889,1330.0
HATS-40 b,1.59,1.58,100.57126791666667,-28.223195944444445,1431.0
WASP-43 b,2.034,1.036,154.90837041666666,-8.19372136111111,80.0
Kepler-1895 b,0.0162,0.189,291.675,48.7625,984.187
HD 167677 b,2.85,1.18,274.2083333333333,-10.593333333333334,54.3258
Kepler-1165 c,0.0354,0.3,286.97083333333336,44.708333333333336,1575.2
Kepler-1165 b,0.00951,0.138,286.97083333333336,44.708333333333336,1575.2
Kepler-101 b,0.161,0.515,283.2555020833333,48.35521769444445,990.44
WASP-113 b,0.475,1.409,224.87282499999998,46.96013336111111,360.0
EPIC 201595106 b,0.00705,0.116,183.7208333333333,1.9680555555555557,232.1
HATS-4 b,1.323,1.02,94.11209,-21.453106944444443,420.0
NGTS-20 b,2.98,1.07,46.29166666666667,-20.066388888888888,366.2
TOI-2525 b,0.084,0.774,86.85,-59.478611111111114,395.398
TOI-2525 c,0.657,0.904,86.85,-59.478611111111114,395.398
KOI-1599 b,0.02832,0.17,298.37384249999997,40.61843866666667,1168.99
KOI-1599 c,0.01447,0.17,298.37384249999997,40.61843866666667,1168.99
HD 217958 b,0.5916,1.26,346.1375,-24.308333333333334,61.7957
Wendelstein-2 b,0.731,1.159,297.7916666666667,16.912499999999998,574.4
NGTS-10 b,2.162,1.205,91.87223999999999,-24.40509,325.0
GJ 143 b,0.07142,0.233,51.746761666666664,-62.500899499999996,16.33
GJ 143 c,0.01164,0.08,51.746761666666664,-62.500899499999996,16.33
WASP-59 b,0.863,0.775,349.6231145833333,24.889287888888887,125.0
K2-404 b,0.0218,0.226,160.32500000000002,12.19111111111111,121.63
TOI-3362 b,5.029,1.142,155.98333333333335,-55.15694444444444,370.85
Kepler-1924 b,0.0237,0.237,293.76666666666665,42.82916666666667,1910.77
Kepler-1937 b,0.0295,0.27,290.65833333333336,40.77861111111111,905.069
WASP-46 b,1.91,1.174,318.736915,-54.12820555555555,379.363
Kepler-51 b,0.0066,0.633,296.4797620833333,49.93768072222222,801.732
Kepler-51 c,0.0126,0.803,296.4797620833333,49.93768072222222,801.732
Kepler-51 d,0.0239,0.865,296.4797620833333,49.93768072222222,801.732
TOI-244 b,0.00843,0.136,10.570833333333333,-35.28194444444444,22.0337
HATS-18 b,1.9795,1.329,173.95740458333336,-28.843957250000003,645.0
Kepler-1830 b,0.0348,0.297,295.1375,40.97916666666667,1056.88
HD 169142 b,3.0,1.17,276.125,-28.219444444444445,113.6
Kepler-447 b,1.37,1.65,285.26856541666666,48.559984611111105,270.117
Kepler-1832 b,0.00637,0.109,299.85,43.731944444444444,486.174
WASP-4 b,1.186,1.321,353.5628575,-41.938597388888894,269.21
NGTS-3 A b,2.38,1.48,94.4448,-34.29360555555555,760.3
KMT-2019-BLG-1806L b,0.01469,0.179,270.5375,-28.585,6640.0
EPIC 228836835 b,0.0043,0.098,189.57500000000002,-4.755277777777778,150.124
HATS-52 b,2.24,1.382,140.08769,-30.73069688888889,564.1
KIC 9632895 b,0.019503,0.561818,283.2416666666667,46.37833333333333,500.0
TOI-1238 b,0.01183,0.1079,201.38333333333333,68.83611111111111,70.6424
TOI-1238 c,0.02618,0.1882,201.38333333333333,68.83611111111111,70.6424
2MASS J0809+4434,13.0,1.35,122.49600000000002,44.57266944444445,25.0
TOI-2152 b,2.83,1.281,26.3375,77.78999999999999,302.8
MOA-2020-BLG-208L b,0.14473,0.688,268.4333333333333,-31.410555555555558,7490.0
Kepler-1266 b,0.0226,0.23,285.87083333333334,42.72805555555556,849.312
Kepler-1266 c,0.0109,0.15,285.87083333333334,42.72805555555556,849.312
WASP-96 b,0.48,1.2,1.0464066666666667,-46.639354749999995,356.024
HAT-P-27 b,0.62,1.02,222.7674458333333,5.947374472222222,204.0
K2-336 b,0.00624,0.109,133.83749999999998,16.79416666666667,239.289
HD 189733 A b,1.138,1.138,300.1791666666667,22.710833333333333,19.3
TOI-3757 b,0.2684,1.07,91.00416666666666,55.019999999999996,177.4
WASP-101 b,0.5,1.41,98.35111333333333,-22.513806416666664,202.4
HATS-29 b,0.653,1.251,135.09583333333333,-53.89333333333333,351.0
HD 155193 b,0.75,1.25,257.4211825,10.038685888888889,57.7995
HATS-33 b,1.192,1.23,294.6336533333333,-54.330000000000005,355.0
XO-1 b,0.9,1.184,240.54935958333334,28.169561,200.0
HAT-P-46 b,0.493,1.284,270.4442025,-1.0290390277777777,296.0
Kepler-33 c,0.00252,0.2916,289.07754166666666,46.00522594444445,917.8
Kepler-33 d,0.01478,0.487547,289.07754166666666,46.00522594444445,917.8
Kepler-33 e,0.02108,0.366343,289.07754166666666,46.00522594444445,917.8
Kepler-33 f,0.03618,0.406441,289.07754166666666,46.00522594444445,917.8
KELT-24 b,5.18,1.272,161.90979583333333,71.65587686111111,96.03
Kepler-1814 c,0.0118,0.148,285.21666666666664,41.2825,726.346
Kepler-1814 b,0.0195,0.211,285.21666666666664,41.2825,726.346
HD 124330 b,0.75,1.25,212.82180041666666,54.40913633333333,60.1977
Kepler-1514 b,5.28,1.108,292.62916666666666,37.86,389.3
Qatar-3 b,4.31,1.096,359.152,36.21297222222223,751.0
HD 24040 b,3.86,1.16,57.59583333333334,17.475277777777777,46.6224
HD 24040 c,0.201,0.834,57.59583333333334,17.475277777777777,46.6224
TOI-3688 A b,0.98,1.167,39.28333333333333,54.85111111111111,396.378
HAT-P-7 b,1.709,1.4588,292.24583333333334,47.96944444444445,320.0
DMPP-4 b,0.03839,0.315,293.58333333333337,51.23583333333333,25.3284
Kepler-1936 b,0.032,0.282,290.7291666666667,44.836111111111116,871.096
KELT-8 b,0.867,1.86,283.30551749999995,24.127382555555556,236.0
TOI-3331 A b,2.27,1.158,271.325,-33.89277777777777,217.193
WASP-127 b,0.18,1.37,160.55868124999998,-2.164927833333333,160.2
TOI-470 b,0.0546,0.387,94.00833333333334,-24.968611111111112,130.46
KMT-2019-BLG-0953L b,0.04877,0.362,269.3375,-27.325277777777778,7200.0
HATS-7 b,0.12,0.563,208.85694541666666,-20.79229927777778,257.0
WASP-13 b,0.5,1.407,140.10297624999998,33.88241658333333,155.0
HATS-13 b,0.543,1.212,316.9614629166667,-25.903323944444445,476.0
TOI-1693 b,0.0088,0.1258,90.30833333333332,34.77305555555555,30.8
Kepler-1922 b,0.0184,0.204,292.32916666666665,37.996944444444445,1344.29
TOI-622 b,0.303,0.824,125.30416666666666,-45.51583333333333,123.297
TOI-1268 b,0.29,0.82,198.38750000000002,62.30555555555555,110.0
TOI-237 b,0.009,0.1285,353.2416666666667,-28.585,38.11
Kepler-1821 b,0.0228,0.231,294.525,49.8725,799.699
WASP-121 b,1.183,1.807,107.60025250000001,-38.902619305555554,270.0
HD 16905 b,9.07864,1.12,40.0125,-60.644999999999996,39.7401
WASP-15 b,0.542,1.428,208.92796625,-31.84038466666667,308.0
Kepler-1717 b,0.029,0.267,295.21250000000003,49.56222222222222,1008.79
WASP-158 b,2.79,1.07,4.14633875,-9.023583916666666,1136.0
HD 107148 c,0.0626,0.42,184.80416666666665,-2.68,49.4156
HD 107148 b,0.21,0.856,184.80416666666665,-2.68,49.4156
Kepler-50 b,0.015963,0.155832,288.1008870833333,50.03371411111111,269.79
Kepler-50 c,0.026041,0.1977527,288.1008870833333,50.03371411111111,269.79
K2-357 b,0.042,0.332,131.9375,16.328888888888887,517.687
TOI-1266 b,0.04248,0.211,197.9981675,65.8338065,36.05
TOI-1266 c,0.00692,0.139,197.9981675,65.8338065,36.05
Kepler-1835 b,0.0385,0.315,280.31666666666666,43.98555555555556,1404.38
HD 152843 b,0.03637,0.3042,253.78481708333334,20.491331583333334,107.898
TOI-125 b,0.02989,0.243,23.595833333333335,-65.32416666666666,111.4
TOI-125 c,0.02086,0.246,23.595833333333335,-65.32416666666666,111.4
TOI-125 d,0.04279,0.261,23.595833333333335,-65.32416666666666,111.4
OGLE-2018-BLG-1367L b,0.95,1.23,269.7541666666667,-28.831666666666667,5370.0
EPIC 201912552 b,0.02504,0.2123,172.56049000000002,7.588404777777778,34.0
TOI-715 b,0.00951,0.138,113.85416666666667,-72.4225,42.4048
WASP-98 b,0.83,1.1,58.42883583333333,-33.671781805555554,284.1
Kepler-26 b,0.016097,0.26792,284.94100291666666,46.56651055555555,482.39
Kepler-26 c,0.019492,0.26792,284.94100291666666,46.56651055555555,482.39
CoRoT-21 b,2.26,1.3,101.05262583333334,0.29916305555555556,1398.8
HAT-P-13 b,0.85,1.28,129.88253041666667,47.352021,214.0
WASP-133 b,1.16,1.21,314.57537333333335,-34.20341308333334,547.0
HIP 97166 b,0.063,0.2444,296.2443283333333,74.06273702777777,66.08
TOI-2427 b,0.0129,0.161,52.291666666666664,-30.636944444444442,28.5
HATS-27 b,0.53,1.5,193.55254541666667,-45.58777777777778,840.0
HD 184010 d,0.45,1.28,292.84166666666664,26.61722222222222,60.7993
HD 184010 b,0.31,1.08,292.84166666666664,26.61722222222222,60.7993
HD 184010 c,0.3,1.06,292.84166666666664,26.61722222222222,60.7993
TOI-1670 b,0.0434,0.1838,259.01666666666665,72.16111111111111,165.72
TOI-1670 c,0.63,0.987,259.01666666666665,72.16111111111111,165.72
HAT-P-26 b,0.059,0.565,213.15638708333333,4.060032666666666,134.0
WASP-74 b,0.95,1.56,304.53883708333336,-0.9242749166666667,120.0
L 363-38 b,0.01469,0.179,10.854166666666666,-40.70472222222222,10.2295
TOI-269 b,0.0277,0.2471,75.84583333333333,-53.82222222222222,57.023
CoRoT-11 b,2.49,1.39,280.68729125,5.937681138888889,560.0
WASP-32 b,3.6,1.19,3.9616987500000005,1.2004407777777777,278.2
TOI-206 b,0.0069,0.116,73.73720833333334,-61.47763055555556,47.7
CoRoT-4 b,0.72,1.19,102.19463875,0.6727693055555555,741.6
TOI-4463 A b,0.794,1.183,279.35833333333335,18.729999999999997,173.117
Kepler-1934 b,0.00221,0.081,290.9208333333333,37.28722222222222,428.514
WASP-178 b,1.66,1.81,227.2703875,-41.29505858333333,418.0
WASP-42 b,0.5,1.08,192.98149166666664,-41.926362527777776,160.0
K2-393 b,0.0193,0.21,348.5166666666667,0.08222222222222222,265.914
TOI-628 b,6.33,1.06,99.2625,1.7674999999999998,178.5
CoRoT-23 b,2.8,1.05,279.78266874999997,4.357787388888888,600.0
2M 0746+20 b,30.0,0.97,116.67734166666666,20.00893888888889,12.21
HD 199509 b,0.136,0.663,317.3458333333333,-81.9725,24.3056
HD 332231 b,0.244,0.867,306.7413245833333,33.74445127777778,80.85
KMT-2021-BLG-1391L b,0.01432,0.176,270.68333333333334,-27.939444444444444,5720.0
Kepler-93 b,0.0126,0.1319,291.4182866666667,38.67233647222222,96.7
WASP-82 b,1.24,1.67,72.66066083333332,1.8939176944444445,200.0
Kepler-277 b,0.27619,0.2661,286.58315708333333,39.07718377777778,951.43
Kepler-277 c,0.20856,0.3062,286.58315708333333,39.07718377777778,951.43
WASP-185 b,0.98,1.25,214.05964,-18.45771988888889,275.0
TOI-2411 b,0.0123,0.1499,20.925,-7.298611111111111,59.5
WASP-147 b,0.275,1.115,359.19153624999996,-21.846798444444445,426.0
TOI-122 b,0.0277,0.2427,332.9458333333333,-57.05500000000001,62.23
TOI-481 b,1.53,0.99,110.51248083333333,-56.61511127777778,180.29
HATS-11 b,0.85,1.51,289.40075,-21.6100775,906.0
WASP-193 b,0.139,1.464,164.34999999999997,-28.002777777777776,362.087
K2-141 b,0.01598,0.135,350.9165458333333,-0.8107081388888888,61.98
K2-141 c,0.02328,0.624,350.9165458333333,-0.8107081388888888,61.98
HD 185603 b,3.518,1.735,294.6613966666667,31.21922658333333,137.0
KELT-18 b,1.18,1.57,216.52399125,59.444246888888884,331.0
HD 95086 b,4.4,1.32,164.26258958333332,-67.33265366666666,83.8
CoRoT-26 b,0.52,1.26,279.75049375,6.969814,1670.0
Kepler-1982 b,0.0012,0.077,287.4083333333333,39.65861111111111,558.855
TOI-1235 b,0.02174,0.155,152.21666666666667,69.27666666666667,39.63
HD 125271 b,11.05674,1.11,216.64583333333334,-80.54583333333333,39.3466
WASP-78 b,1.16,1.75,63.756267916666665,-21.88358225,550.0
K2-265 b,0.02058,0.153,342.031515,-13.505321583333334,139.22
TOI-532 b,0.1935,0.5192,85.08004166666667,11.562633333333334,134.61
Kepler-76 b,2.01,1.36,294.1921208333334,39.61898352777778,842.886
K2-351 b,0.022,0.227,206.6541666666667,-10.194999999999999,694.734
TOI-2583 A b,0.25,1.29,272.26666666666665,45.33694444444445,566.189
HD 22946 d,0.0836,0.233,54.82083333333333,-41.23694444444445,62.7792
HD 22946 b,0.04314,0.122,54.82083333333333,-41.23694444444445,62.7792
HD 22946 c,0.03058,0.208,54.82083333333333,-41.23694444444445,62.7792
TOI-4308 b,0.0202,0.216,327.7541666666667,-42.4375,108.932
HD 144899 b,0.064,0.425,242.57083333333338,-46.085277777777776,115.665
Kepler-1981 b,0.197,0.84,287.975,38.74027777777778,659.395
L 98-59 b,0.0013,0.0758,122.53333333333333,-67.68694444444445,10.623
L 98-59 c,0.00698,0.12356,122.53333333333333,-67.68694444444445,10.623
L 98-59 d,0.0061,0.1357,122.53333333333333,-67.68694444444445,10.623
HATS-14 b,1.07,1.04,313.21547,-24.31266697222222,513.0
TOI-954 b,0.174,0.852,61.94166666666666,-24.79111111111111,235.74
WASP-109 b,0.91,1.443,232.05508916666668,-15.589260944444444,330.0
HD 331093 b,1.5,1.21,295.6200866666667,31.740397194444444,50.1928
HD 29985 b,5.91997,1.14,70.52083333333334,-32.07888888888889,31.2707
Kepler-1978 b,0.0239,0.268,286.0083333333333,38.00944444444445,865.512
EPIC 220504338 b,1.28,0.91,19.449294166666665,6.702222222222223,553.4
CoRoT-1 b,1.03,1.49,102.079885,-2.8978582222222222,460.0
HATS-6 b,0.319,0.998,88.14681916666667,-18.968341527777778,172.6
WASP-21 b,0.276,1.162,347.49272249999996,18.396078444444445,230.0
K2-347 b,0.0201,0.215,126.37083333333334,23.297500000000003,320.336
TOI-1728 b,0.08426,0.451,120.6125,64.79694444444445,60.8
WASP-22 b,0.588,1.158,52.818028749999996,-22.180321777777777,300.0
CoRoT-20 b,4.3,0.84,97.7204260022,0.22690513106166668,864.0
KOI-523 b,0.01837,0.312,286.0471191666667,45.05320825,1387.37
KOI-523 c,0.04625,0.779,286.0471191666667,45.05320825,1387.37
WASP-94 A b,0.452,1.72,313.78333333333336,-33.864444444444445,180.0
CoRoT-22 b,0.0383853003178,0.435365216104,280.6671304166666,6.219162055555556,592.0
Kepler-1711 b,0.0137,0.172,298.1791666666667,42.23694444444445,590.268
EPIC 216468514 b,0.84,1.44,284.98538375000004,-21.706598666666665,698.1
Kepler-94 b,0.034099,0.319867,281.1947670833333,47.497151861111114,223.0
TOI-2257 b,0.0179,0.19574,194.74166666666667,77.66166666666668,57.7911
HIP 948 b,20.6,1.08,2.9291666666666667,-38.769444444444446,34.8523
K2-105 b,0.094,0.32,125.42026750000001,13.497533166666665,220.0
Kepler-1738 b,0.0263,0.252,296.1333333333334,47.43888888888888,1302.87
Kepler-1969 b,0.0109,0.15,294.7833333333333,49.49194444444444,1204.54
HIP 65 A b,3.213,2.03,0.1875,-53.16916666666666,61.89
HATS-55 b,0.921,1.251,114.28341375000001,-31.24457897222222,620.7
Kepler-424 b,1.03,0.89,298.62493916666665,48.577444972222224,661.72
HAT-P-53 b,1.484,1.318,21.871102083333334,38.968127611111115,719.0
WASP-36 b,2.279,1.269,131.58040708333334,-7.973052055555556,450.0
Kepler-1954 b,0.0123,0.161,298.00416666666666,43.35472222222222,1373.83
Lupus-TR 3b,0.81,0.89,232.57791666666668,-41.02180555555555,2000.0
Kepler-1884 b,0.0124,0.162,296.74583333333334,43.04555555555555,1443.09
WASP-114 b,1.769,1.339,327.66572041666666,10.462975305555554,460.0
GJ 1132 b,0.00522,0.101,153.71574291666664,-46.84328063888889,12.62
K2-369 b,0.00717,0.117,329.72499999999997,-9.125,185.55
2MASS J0459-2853,8.0,1.32,14.751458333333332,-27.105652777777777,38.0
Kepler-1710 b,0.0325,0.285,291.68333333333334,37.75138888888889,305.193
HATS-71 b,0.45,1.08,15.551171666666669,-60.243983388888886,140.8
BD+45 564 b,1.36,1.21,32.9453275,45.92424958333333,53.622
KELT-4A b,0.902,1.699,157.06254583333333,25.573194444444443,210.0
WASP-84 b,0.7,0.975,131.10709666666668,1.8600295833333333,125.0
K2-266 b,0.0343,0.294,157.9354404166667,0.9375745277777778,77.16
K2-266 c,0.00091,0.063,157.9354404166667,0.9375745277777778,77.16
K2-266 d,0.028,0.261,157.9354404166667,0.9375745277777778,77.16
K2-266 e,0.04499,0.244,157.9354404166667,0.9375745277777778,77.16
HD 137496 b,0.01271,0.1169,231.74196166666667,-15.491200416666667,155.9843
K2-383 b,0.00965,0.14,282.0083333333333,-17.620555555555555,203.788
EPIC 228735255 b,1.019,1.095,188.13734666666667,-8.392362277777778,340.24
K2-381 c,0.0147,0.178,288.025,-20.9925,145.701
K2-381 d,0.011,0.151,288.025,-20.9925,145.701
K2-381 b,0.00396,0.096,288.025,-20.9925,145.701
OGLE-TR-113 b,1.26,1.051,163.10117,-60.55309838888889,1500.0
K2-405 b,0.0596,0.408,164.37499999999997,12.535555555555556,197.234
KMT-2019-BLG-1216L b,0.094,0.533,268.4791666666667,-34.86333333333334,2740.0
HD 56957 b,5.95712,1.14,109.325,-39.34388888888889,61.4925
Kepler-13 A b,9.28,1.51,286.97128000000004,46.86832027777778,530.0
HAT-P-34 b,3.328,1.197,303.19536125,18.104833305555555,257.0
NGTS-15 b,0.751,1.1,73.35416666666666,-31.19972222222222,791.0
K2-384 b,0.00398,0.096,20.5,0.7508333333333334,82.6603
K2-384 c,0.00572,0.106,20.5,0.7508333333333334,82.6603
K2-384 e,0.00747,0.12,20.5,0.7508333333333334,82.6603
K2-384 f,0.0175,0.198,20.5,0.7508333333333334,82.6603
K2-384 d,0.00792,0.124,20.5,0.7508333333333334,82.6603
HD 73583 b,0.031,0.2525,129.688585,-12.743308083333334,31.6
HD 73583 c,0.0302,0.2114,129.688585,-12.743308083333334,31.6
Kepler-8 b,0.59,1.42,281.28812041666663,42.45108097222222,1330.0
Kepler-128 b,0.00409,0.10298,282.49222625,43.98019272222223,368.14
Kepler-128 c,0.00472,0.10298,282.49222625,43.98019272222223,368.14
HAT-P-52 b,0.818,1.009,42.72166791666667,29.02236738888889,364.9
HATS-39 b,0.63,1.57,112.41921166666667,-28.06210536111111,773.0
TOI-5205 b,1.08,1.03,313.77083333333337,24.361111111111114,86.4493
TOI-1075 b,0.013,0.1534,309.9708333333333,-64.55055555555555,61.5
HAT-P-12 b,0.211,0.959,209.389445,43.49350069444444,142.5
EPIC 201505350 c,0.05,0.434,174.96033500000001,0.6035770277777778,291.0
EPIC 201505350 b,0.138,0.691,174.96033500000001,0.6035770277777778,291.0
CoRoT-30 b,2.9,1.009,277.6011820833333,6.835934833333333,960.0
Kepler-607 c,0.0253,0.246,291.0583333333333,44.632222222222225,519.122
Kepler-607 b,0.00186,0.078,291.0583333333333,44.632222222222225,519.122
HAT-P-16 b,4.193,1.19,9.575,42.463055555555556,235.0
OGLE-TR-132 b,1.17,1.227,162.64414375,-60.04273883333333,1500.0
WASP-140 b,2.44,1.44,60.38562416666666,-19.548913666666667,180.0
WASP-183 b,0.502,1.47,163.78897291666667,0.7371697777777777,328.4
TOI-824 b,0.0581,0.261,222.16666666666669,-56.41111111111111,63.71
HD 68988 b,1.97,1.2,124.59166666666667,61.46083333333333,60.8447
HD 68988 c,15.0,1.09,124.59166666666667,61.46083333333333,60.8447
KOI-1257 b,1.45,0.94,291.22499999999997,44.92722222222222,900.0
HAT-P-1 b,0.524,1.217,344.44518458333334,38.67509869444444,139.0
HD 219134 b,0.01491,0.14292,348.3207346666667,57.16835619444444,6.546
HD 219134 c,0.01372,0.1348,348.3207346666667,57.16835619444444,6.546
GJ 3090 b,0.01051,0.19,20.4375,-45.285555555555554,22.444
Kepler-91 b,0.66,1.4,285.6729079166667,44.11673325,1030.0
Kepler-91 b Trojan,0.025,0.26,285.6729079166667,44.11673325,1030.0
Kepler-1775 b,0.0406,0.325,286.40416666666664,38.73861111111111,657.023
HAT-P-62 b,0.761,1.073,74.50428624999999,48.30104358333333,348.815
Kepler-1808 b,0.0296,0.27,287.29166666666663,39.38333333333333,1022.01
TOI-1221 b,3.5,0.26,107.92083333333333,-64.49111111111111,138.411
HATS-50 b,0.39,1.13,300.42804083333334,-25.92241891666667,773.2
WASP-72 b,1.41,1.01,41.04004041666667,-29.830955166666666,340.0
WASP-144 b,0.44,0.85,320.7628945833334,-39.95173225,358.719
GJ 9404 b,0.03744,0.31,184.84583333333333,28.38277777777778,23.8839
Kepler-799 b,0.119,0.614,287.175,44.87861111111111,1509.084
Kepler-799 c,0.0256,0.248,287.175,44.87861111111111,1509.084
WASP-52 b,0.46,1.27,348.49482291666664,8.761269805555555,140.0
K2-263 b,0.04657,0.215,129.68237291666665,15.68062475,163.23
K2-340 b,0.0354,0.3,127.9375,19.07472222222222,738.136
TOI-1842 b,0.214,1.04,201.96249999999998,9.030555555555557,223.47
TOI-4406 b,0.3,1.0,18.05,-55.07472222222223,261.834
K2-380 b,0.0248,0.243,283.4333333333333,-25.461388888888887,249.303
TOI-1634 b,0.01545,0.1597,56.391666666666666,37.11222222222222,35.274
K2-331 b,0.0121,0.16,132.7375,13.170277777777777,211.43
K2-331 c,0.0247,0.243,132.7375,13.170277777777777,211.43
WASP-33 b,2.093,1.593,36.712742500000004,37.55048269444444,122.36
Kepler-411 c,0.08306,0.394,287.6056129166667,49.523253305555556,153.59
Kepler-411 b,0.08055,0.214,287.6056129166667,49.523253305555556,153.59
Kepler-411 d,0.04782,0.296,287.6056129166667,49.523253305555556,153.59
WASP-135 b,1.9,1.3,267.28497458333334,29.879094861111113,300.0
HD 164922 e,0.0331,0.288,270.6291666666667,26.310277777777777,22.0016
HD 164922 c,0.0409,0.327,270.6291666666667,26.310277777777777,22.0016
HD 164922 b,0.36497,1.19,270.6291666666667,26.310277777777777,22.0016
HD 164922 d,0.01259,0.163,270.6291666666667,26.310277777777777,22.0016
TOI-4184 b,0.0204,0.217,43.829166666666666,-78.58527777777778,69.3649
TOI-3693 b,1.02,1.124,15.654166666666669,51.303888888888885,176.8
HAT-P-2 b,8.74,0.951,245.15149124999996,41.04808583333333,118.0
LP 890-9 c,0.0796,0.122,64.12916666666666,-27.684166666666666,32.4298
LP 890-9 b,0.04153,0.118,64.12916666666666,-27.684166666666666,32.4298
Kepler-1728 b,0.0284,0.264,287.0958333333333,39.06083333333333,651.783
WTS-1 b,4.01,1.49,293.98504125,36.29633227777778,2481.4
HATS-20 b,0.273,0.776,198.1329245833333,-44.590555555555554,454.0
WASP-50 b,1.47,1.15,43.68805916666666,-9.101937222222222,230.0
HATS-35 b,1.222,1.464,296.68825416666664,-62.56555555555556,557.0
K2-407 c,0.00761,0.121,232.55416666666667,-22.993333333333332,218.376
K2-407 b,0.0069,0.114,232.55416666666667,-22.993333333333332,218.376
NGTS-13 b,4.84,1.142,176.24166666666667,-37.86027777777778,657.0
TOI-1130 c,0.974,1.5,286.375,-40.5625,58.36
TOI-1694 b,0.08212,0.485,97.75,66.36055555555555,124.68
TOI-1694 c,1.05,1.23,97.75,66.36055555555555,124.68
OGLE-2017-BLG-1806L b,0.01658,0.192,266.625,-23.727777777777778,6400.0
HAT-P-59 b,1.54,1.123,292.4586254166667,62.52921527777778,265.471
K2-395 c,0.036,0.303,70.44583333333334,16.674444444444447,286.727
K2-395 b,0.0228,0.232,70.44583333333334,16.674444444444447,286.727
K2-385 b,0.00939,0.137,12.6125,5.871388888888889,420.819
K2-402 b,0.0241,0.239,161.45000000000002,6.419444444444445,523.055
TOI-1408 b,1.69,1.5,313.5125,72.58055555555555,139.484
Kepler-108 b,0.308,0.585,294.55891249999996,46.06249444444444,313.0
Kepler-108 c,0.17,0.513,294.55891249999996,46.06249444444444,313.0
WASP-139 b,0.117,0.8,49.56226458333333,-40.30222222222223,230.0
HD 183579 b,0.06198,0.317,293.28581,-53.467627444444446,57.06
Qatar-10 b,0.736,1.543,284.4458333333333,69.57083333333333,539.0
NGTS-24 b,0.52,1.214,168.56249999999997,-36.09,683.062
Kepler-29 b,0.01573,0.227,298.3483416666666,47.49123225,851.9
Kepler-29 c,0.01416,0.209,298.3483416666666,47.49123225,851.9
TOI-2207 b,0.64,0.995,307.59583333333336,-43.1125,380.6
CoRoT-29 b,0.85,0.97,278.90208499999994,6.479632111111111,765.0
WASP-75 b,1.07,1.27,342.38569875,-9.324464611111111,260.0
KOI-1843.03,0.0014,0.054,285.01310416666666,40.22077736111111,134.833
XO-3 b,11.79,1.217,65.46960166666666,57.817192222222225,260.0
K2-376 b,0.0115,0.155,132.72083333333333,25.03805555555556,161.61
EPIC 204221263 b,0.0378,0.138,240.03357625,-22.810742444444443,193.7
EPIC 204221263 c,0.031,0.216,240.03357625,-22.810742444444443,193.7
Kepler-77 b,0.43,0.96,289.60795875,44.345436472222225,570.0
HIP 113103 b,0.0126,0.163,343.5708333333333,-42.98972222222222,46.2122
HIP 113103 c,0.02,0.214,343.5708333333333,-42.98972222222222,46.2122
WASP-89 b,5.9,1.04,313.89995541666667,-17.02887563888889,293.4
TOI-2796 b,0.44,1.54,84.15416666666665,0.8963888888888889,350.343
K2-337 b,0.0232,0.234,127.7625,16.900555555555552,421.636
Kepler-1857 b,0.0142,0.175,296.45416666666665,39.59861111111111,853.275
KMT-2016-BLG-1105L b,0.0073,0.118,266.4458333333333,-25.73361111111111,5080.0
K2-352 c,0.0137,0.171,140.44583333333333,18.46972222222222,176.051
K2-352 d,0.0176,0.199,140.44583333333333,18.46972222222222,176.051
K2-352 b,0.00771,0.122,140.44583333333333,18.46972222222222,176.051
TOI-1136 b,0.0134,0.17,192.18333333333334,64.85527777777777,84.5362
TOI-1136 g,0.0218,0.226,192.18333333333334,64.85527777777777,84.5362
TOI-1136 e,0.0235,0.235,192.18333333333334,64.85527777777777,84.5362
TOI-1136 d,0.0609,0.413,192.18333333333334,64.85527777777777,84.5362
TOI-1136 f,0.0451,0.346,192.18333333333334,64.85527777777777,84.5362
TOI-1136 c,0.0272,0.257,192.18333333333334,64.85527777777777,84.5362
KOI-55 b,0.0014,0.068,296.35614416666664,41.092745,1180.0
KOI-55 c,0.0021,0.078,296.35614416666664,41.092745,1180.0
Kepler-1801 c,0.0277,0.362,295.1625,39.20138888888889,839.332
Kepler-1801 b,0.0245,0.242,295.1625,39.20138888888889,839.332
BD+20 594 b,0.05129,0.1989,53.650956666666666,20.59924158333333,173.0
HD 11505 b,8.33652,1.12,28.275,-0.6716666666666666,38.9679
Kepler-5 b,2.114,1.431,299.407035,44.035052638888885,923.446
TOI-4138 b,0.67,1.49,152.53333333333333,72.71027777777778,507.0
Gliese 436 b,0.07992,0.361,175.54622166666664,26.706571666666665,9.748
KELT-15 b,0.91,1.443,117.41500791666667,-51.87956275,291.0
TOI-1259 A b,0.441,1.022,282.1,79.25611111111111,118.11
WASP-129 b,1.0,0.93,176.29898375,-41.93604936111112,246.0
HD 80653 b,0.01762,0.144,140.33923291666667,14.367929444444444,109.86
KOI-188 b,0.25,0.978,290.3580029166667,40.56773747222223,650.0
TOI-277 b,0.0236,0.236,19.074999999999996,-19.046666666666667,64.6692
KMT-2019-BLG-0414L b,4.57,1.15,268.8541666666667,-20.104444444444447,4410.0
Ross 458 C,12.5,1.1,195.19583333333333,12.375833333333334,114.0
K2-34 b,1.78,1.35,127.57878875000002,22.23591488888889,377.0
TOI-5803 b,0.0338,0.292,327.25,6.2780555555555555,84.0126
TOI-4562 b,2.3,1.118,112.00833333333334,-62.48222222222223,339.605
Kepler-1994 b,0.00027,0.056,297.15000000000003,46.29694444444444,241.991
Kepler-10 b,0.01019,0.133962,285.6794216666667,50.24130575,173.0
Kepler-10 c,0.02319,0.214156,285.6794216666667,50.24130575,173.0
WASP-44 b,0.87,1.1,3.9032058333333333,-10.06186488888889,368.31
AU Mic b,0.18,0.375,311.2897179166667,-30.65909952777778,9.79
TOI-4137 b,1.01,1.211,77.61250000000001,70.39111111111112,345.9
HIP 9618 b,0.03146,0.348,30.90416666666666,21.281388888888888,67.5478
HIP 9618 c,0.05758,0.298,30.90416666666666,21.281388888888888,67.5478
CoRoT-14 b,7.6,1.09,103.42420249999999,-4.463977,1340.0
HAT-P-32 b,0.941,2.037,31.042825,46.68783611111111,283.0
Wendelstein-1 b,0.592,1.031,299.05,17.57,307.98
TOI-2236 b,1.58,1.282,20.166666666666664,-85.02,352.5
K2-389 b,0.017,0.195,355.62916666666666,-8.28638888888889,259.208
K2-389 c,0.0152,0.182,355.62916666666666,-8.28638888888889,259.208
Kepler-589 b,0.0182,0.203,280.64166666666665,47.75194444444445,612.803
Kepler-589 c,0.00455,0.1,280.64166666666665,47.75194444444445,612.803
KELT-11 b,0.195,1.37,161.70725041666668,-8.60097375,98.0
Kepler-1843 b,0.0245,0.242,292.8833333333333,41.27916666666667,784.625
Kepler-1776 b,0.023,0.233,291.53333333333336,47.0425,690.336
Kepler-1715 b,0.0504,0.369,293.9291666666667,41.60277777777778,522.605
K2-365 b,0.0276,0.259,238.82083333333333,-20.973055555555558,187.222
TOI-712 b,0.0176,0.1828,92.9375,-64.17416666666666,58.62
TOI-712 c,0.0274,0.241,92.9375,-64.17416666666666,58.62
TOI-712 d,0.0236,0.22072,92.9375,-64.17416666666666,58.62
KMT-2021-BLG-0119L b,5.52,1.14,274.0,-28.25611111111111,3130.0
